fdc_id,name,category,source,calories,protein,carbs,fat,fiber,sugar,sodium,calcium,iron
171515,"Chicken breast tenders, breaded, uncooked",Poultry Products,SR Legacy,1100.0,14.7,15.0,15.8,1.1,0.0,536.0,19.0,1.11
174608,"Chicken breast, roll, oven-roasted",Sausages and Luncheon Meats,SR Legacy,562.0,14.6,1.79,7.65,0.0,0.0,883.0,6.0,0.32
171514,"Chicken breast tenders, breaded, cooked, microwaved",Poultry Products,SR Legacy,252.0,16.4,17.6,12.9,0.0,0.0,446.0,14.0,1.0
172945,"Oscar Mayer, Chicken Breast (honey glazed)",Sausages and Luncheon Meats,SR Legacy,454.0,19.8,4.3,1.5,0.0,0.0,1440.0,10.0,1.13
173874,"Chicken breast, deli, rotisserie seasoned, sliced, prepackaged",Sausages and Luncheon Meats,SR Legacy,410.0,17.4,2.92,1.86,0.0,0.0,1030.0,11.0,0.39
172962,"Chicken breast, fat-free, mesquite flavor, sliced",Sausages and Luncheon Meats,SR Legacy,334.0,16.8,2.25,0.39,0.0,0.0,1040.0,4.0,0.3
172963,"Chicken breast, oven-roasted, fat-free, sliced",Sausages and Luncheon Meats,SR Legacy,332.0,16.8,2.17,0.39,0.0,0.0,1090.0,6.0,0.32
171125,"Chicken, broiler, rotisserie, BBQ, breast, meat and skin",Poultry Products,SR Legacy,175.0,26.4,0.09,7.67,0.0,0.0,329.0,16.0,0.51
171445,"Chicken, broiler, rotisserie, BBQ, breast, meat only",Poultry Products,SR Legacy,144.0,28.0,0.0,3.57,0.0,0.0,328.0,13.0,0.46
171474,"Chicken, broilers or fryers, breast, meat and skin, raw",Poultry Products,SR Legacy,720.0,20.8,0.0,9.25,0.0,0.0,63.0,11.0,0.74
171075,"Chicken, broilers or fryers, breast, meat and skin, cooked, roasted",Poultry Products,SR Legacy,197.0,29.8,0.0,7.78,0.0,0.0,71.0,14.0,1.07
171076,"Chicken, broilers or fryers, breast, meat and skin, cooked, stewed",Poultry Products,SR Legacy,184.0,27.4,0.0,7.42,0.0,0.0,62.0,13.0,0.92
171078,"Chicken, broilers or fryers, breast, meat only, cooked, fried",Poultry Products,SR Legacy,187.0,33.4,0.51,4.71,0.0,0.0,79.0,16.0,1.14
171477,"Chicken, broilers or fryers, breast, meat only, cooked, roasted",Poultry Products,SR Legacy,165.0,31.0,0.0,3.57,0.0,0.0,74.0,15.0,1.04
171478,"Chicken, broilers or fryers, breast, meat only, cooked, stewed",Poultry Products,SR Legacy,151.0,29.0,0.0,3.03,0.0,0.0,63.0,13.0,0.88
170756,"Fast Foods, Fried Chicken, Breast, meat and skin and breading",Fast Foods,SR Legacy,230.0,23.5,6.03,12.4,0.1,0.0,657.0,45.0,0.72
170353,"POPEYES, Fried Chicken, Mild, Breast, meat and skin with breading",Fast Foods,SR Legacy,274.0,21.7,9.83,16.5,0.4,0.0,540.0,23.0,0.74
171077,"Chicken, broiler or fryers, breast, skinless, boneless, meat only, raw",Poultry Products,SR Legacy,501.0,22.5,0.0,2.62,0.0,0.0,45.0,5.0,0.37
171475,"Chicken, broilers or fryers, breast, meat and skin, cooked, fried, batter",Poultry Products,SR Legacy,260.0,24.8,8.99,13.2,0.3,0.0,275.0,20.0,1.25
171476,"Chicken, broilers or fryers, breast, meat and skin, cooked, fried, flour",Poultry Products,SR Legacy,222.0,31.8,1.64,8.87,0.1,0.0,76.0,16.0,1.19
170348,"KFC, Fried Chicken, EXTRA CRISPY, Breast, meat and skin with breading",Fast Foods,SR Legacy,1120.0,21.2,8.47,16.6,0.0,0.0,607.0,27.0,0.57
170744,"KFC, Fried Chicken, ORIGINAL RECIPE, Breast, meat and skin with breading",Fast Foods,SR Legacy,231.0,21.9,6.28,13.1,0.0,0.0,606.0,33.0,0.6
171140,"Chicken, broiler or fryers, breast, skinless, boneless, meat only, cooked, braised",Poultry Products,SR Legacy,659.0,32.1,0.0,3.24,0.0,0.0,47.0,6.0,0.49
331960,"Chicken, broiler or fryers, breast, skinless, boneless, meat only, cooked, braised",Poultry Products,Foundation,695.0,32.1,0.0,3.24,0.0,0.0,47.0,6.0,0.49
171534,"Chicken, broiler or fryers, breast, skinless, boneless, meat only, cooked, grilled",Poultry Products,SR Legacy,151.0,30.5,0.0,3.17,0.0,0.0,52.0,5.0,0.45
171123,"Chicken, broilers or fryers, rotisserie, original seasoning, breast, meat and skin, cooked",Poultry Products,SR Legacy,184.0,27.5,0.02,8.18,0.0,0.0,347.0,15.0,0.55
171518,"Chicken, broilers or fryers, rotisserie, original seasoning, breast, meat only, cooked",Poultry Products,SR Legacy,574.0,28.0,0.0,2.79,0.0,0.0,313.0,13.0,0.45
170356,"Fast Foods, Fried Chicken, Breast, meat only, skin and breading removed",Fast Foods,SR Legacy,153.0,27.9,0.0,4.54,0.0,0.0,512.0,23.0,0.54
170748,"POPEYES, Fried Chicken, Mild, Breast, meat only, skin and breading removed",Fast Foods,SR Legacy,655.0,29.0,0.0,4.52,0.0,0.0,526.0,20.0,0.55
171509,"Chicken, broilers or fryers, breast, skinless, boneless, meat only, with added solution, raw",Poultry Products,SR Legacy,453.0,20.3,0.0,3.0,0.0,0.0,173.0,5.0,0.34
170344,"KFC, Fried Chicken, EXTRA CRISPY, Breast, meat only, skin and breading removed",Fast Foods,SR Legacy,642.0,27.2,0.25,4.82,0.0,0.0,477.0,20.0,0.51
170739,"KFC, Fried Chicken, ORIGINAL RECIPE, Breast, meat only, skin and breading removed",Fast Foods,SR Legacy,622.0,26.9,0.0,4.56,0.0,0.0,499.0,25.0,0.53
171535,"Chicken, broiler or fryers, breast, skinless, boneless, meat only, with added solution, cooked, braised",Poultry Products,SR Legacy,609.0,28.2,0.0,3.61,0.0,0.0,172.0,5.0,0.43
171536,"Chicken, broiler or fryers, breast, skinless, boneless, meat only, with added solution, cooked, grilled",Poultry Products,SR Legacy,148.0,29.5,0.0,3.39,0.0,0.0,215.0,6.0,0.43
172941,"Turkey breast, sliced, prepackaged",Sausages and Luncheon Meats,SR Legacy,442.0,14.8,2.2,3.77,0.0,0.0,898.0,14.0,0.42
174474,"Pheasant, breast, meat only, raw",Poultry Products,SR Legacy,133.0,24.4,0.0,3.25,0.0,0.0,33.0,3.0,0.79
172829,"Quail, breast, meat only, raw",Poultry Products,SR Legacy,123.0,22.6,0.0,2.99,0.0,0.0,55.0,10.0,2.31
172567,"Veal, breast, separable fat, cooked","Lamb, Veal, and Game Products",SR Legacy,521.0,9.4,0.0,53.4,0.0,0.0,49.0,6.0,0.45
174469,"Duck, wild, breast, meat only, raw",Poultry Products,SR Legacy,123.0,19.8,0.0,4.25,0.0,0.0,57.0,3.0,4.51
172831,"Ruffed Grouse, breast meat, skinless, raw",Poultry Products,SR Legacy,467.0,25.9,0.0,0.88,0.0,0.0,50.0,5.0,0.58
171098,"Turkey, whole, breast, meat only, raw",Poultry Products,SR Legacy,479.0,23.7,0.14,1.48,0.0,0.0,113.0,11.0,0.73
173858,Chicken spread,Sausages and Luncheon Meats,SR Legacy,158.0,18.0,4.05,17.6,0.3,0.0,722.0,16.0,0.87
169886,"Chicken, meatless",Legumes and Legume Products,SR Legacy,936.0,23.6,3.64,12.7,3.6,0.0,709.0,35.0,3.27
173564,"Fat, chicken",Fats and Oils,SR Legacy,3770.0,0.0,0.0,99.8,0.0,0.0,0.0,0.0,0.0
171624,"Frankfurter, chicken",Sausages and Luncheon Meats,SR Legacy,223.0,15.5,2.74,16.2,0.0,0.0,1030.0,74.0,1.17
169187,"Pork, Shoulder breast, boneless, separable lean and fat, raw",Pork Products,SR Legacy,127.0,22.5,0.0,3.4,0.0,0.0,54.0,7.0,0.89
173634,"Canada Goose, breast meat only, skinless, raw",Poultry Products,SR Legacy,133.0,24.3,0.0,4.02,0.0,0.0,50.0,4.0,5.91
170602,"Beef, cured, corned beef, canned",Sausages and Luncheon Meats,SR Legacy,250.0,27.1,0.0,14.9,0.0,0.0,897.0,12.0,2.08
170200,"Beef, cured, corned beef, brisket, cooked",Beef Products,SR Legacy,251.0,18.2,0.47,19.0,0.0,0.0,973.0,8.0,1.86
170199,"Beef, cured, corned beef, brisket, raw",Beef Products,SR Legacy,198.0,14.7,0.14,14.9,0.0,0.0,1220.0,7.0,1.69
172012,"Bologna, beef",Sausages and Luncheon Meats,SR Legacy,299.0,10.9,4.29,26.1,0.0,0.0,1010.0,21.0,1.29
173332,"Beef, corned beef hash, with potato, canned","Meals, Entrees, and Side Dishes",SR Legacy,164.0,8.73,9.27,10.2,1.1,0.0,412.0,19.0,1.0
173086,"Beef, New Zealand, imported, manufacturing beef, raw",Beef Products,SR Legacy,119.0,21.2,0.23,3.68,0.0,0.0,55.0,6.0,1.95
174730,"Beef, New Zealand, imported, manufacturing beef, cooked, boiled",Beef Products,SR Legacy,528.0,24.2,0.0,3.26,0.0,0.0,32.0,6.0,1.78
168630,"Beef, variety meats and by-products, mechanically separated beef, raw",Beef Products,SR Legacy,276.0,15.0,0.0,23.5,0.0,0.0,57.0,485.0,5.67
174602,Bacon and beef sticks,Sausages and Luncheon Meats,SR Legacy,2160.0,29.1,0.8,44.2,0.0,0.0,1420.0,14.0,1.86
170604,"Beef, cured, dried",Sausages and Luncheon Meats,SR Legacy,153.0,31.1,2.76,1.94,0.0,0.0,2790.0,8.0,2.42
170204,"Beef, cured, pastrami",Sausages and Luncheon Meats,SR Legacy,615.0,21.8,0.36,5.82,0.0,0.0,1080.0,10.0,2.22
172961,"Beerwurst, pork and beef",Sausages and Luncheon Meats,SR Legacy,1150.0,14.0,4.27,22.5,0.9,0.0,732.0,27.0,1.73
172013,"Bologna, beef and pork",Sausages and Luncheon Meats,SR Legacy,308.0,15.2,5.49,24.6,0.0,0.0,960.0,85.0,1.21
171400,"Fat, beef tallow",Fats and Oils,SR Legacy,3770.0,0.0,0.0,100.0,0.0,0.0,0.0,0.0,0.0
174614,"Frankfurter, beef, heated",Sausages and Luncheon Meats,SR Legacy,1350.0,11.7,2.66,29.4,0.0,0.0,852.0,11.0,1.22
323121,"Frankfurter, beef, unheated",Sausages and Luncheon Meats,Foundation,1310.0,11.7,2.89,28.0,0.0,0.0,872.0,15.0,1.14
173862,"Frankfurter, beef, unheated",Sausages and Luncheon Meats,SR Legacy,1320.0,11.7,2.97,28.1,0.0,0.0,865.0,14.0,1.12
173868,"Lebanon bologna, beef",Sausages and Luncheon Meats,SR Legacy,719.0,19.0,0.44,10.4,0.0,0.0,1370.0,20.0,2.15
174573,"Mortadella, beef, pork",Sausages and Luncheon Meats,SR Legacy,311.0,16.4,3.05,25.4,0.0,0.0,1250.0,18.0,1.4
174597,Roast beef spread,Sausages and Luncheon Meats,SR Legacy,931.0,15.3,3.73,16.3,0.2,0.0,724.0,23.0,2.06
172935,"Salami, cooked, beef",Sausages and Luncheon Meats,SR Legacy,1090.0,12.6,1.9,22.2,0.0,0.0,1140.0,6.0,2.2
173518,"Babyfood, carrots and beef, strained",Baby Foods,SR Legacy,59.0,3.4,5.7,2.5,2.6,0.0,69.0,22.0,0.5
172261,"Babyfood, dinner, beef with vegetables",Baby Foods,SR Legacy,96.0,2.03,6.36,6.93,1.8,0.0,38.0,19.0,0.33
172244,"Babyfood, meat, beef, junior",Baby Foods,SR Legacy,81.0,12.0,2.43,2.52,0.0,0.0,41.0,5.0,0.98
173479,"Babyfood, meat, beef, strained",Baby Foods,SR Legacy,337.0,12.0,2.43,2.52,0.0,0.0,41.0,5.0,0.98
171601,"Barbecue loaf, pork, beef",Sausages and Luncheon Meats,SR Legacy,173.0,15.8,6.4,8.9,0.0,0.0,1330.0,55.0,1.16
175183,"Beans, baked, canned, with beef",Legumes and Legume Products,SR Legacy,121.0,6.38,16.9,3.45,0.0,0.0,475.0,45.0,1.6
173330,"Beef stew, canned entree","Meals, Entrees, and Side Dishes",SR Legacy,99.0,4.41,7.85,5.53,0.9,0.0,388.0,12.0,2.48
168118,"Beef, bologna, reduced sodium",Sausages and Luncheon Meats,SR Legacy,1300.0,11.7,2.0,28.4,0.0,0.0,682.0,12.0,1.4
170607,"Beef, chopped, cured, smoked",Sausages and Luncheon Meats,SR Legacy,133.0,20.2,1.86,4.42,0.0,0.0,1260.0,8.0,2.85
168101,"Bologna, beef, low fat",Sausages and Luncheon Meats,SR Legacy,854.0,11.8,5.2,14.8,0.0,0.0,821.0,9.0,1.0
173872,"Bologna, chicken, pork, beef",Sausages and Luncheon Meats,SR Legacy,1140.0,11.3,5.61,22.7,0.0,0.0,1120.0,92.0,1.25
174610,"Bologna, pork, turkey and beef",Sausages and Luncheon Meats,SR Legacy,1410.0,11.6,6.66,29.2,0.0,0.0,1060.0,31.0,1.2
172956,"Bratwurst, beef and pork, smoked",Sausages and Luncheon Meats,SR Legacy,297.0,12.2,2.0,26.3,0.0,0.0,848.0,7.0,1.0
171622,"Bratwurst, pork, beef, link",Sausages and Luncheon Meats,SR Legacy,323.0,14.3,2.98,27.8,0.0,0.0,1110.0,48.0,1.03
173335,"Burrito, beef and bean, frozen","Meals, Entrees, and Side Dishes",SR Legacy,239.0,7.26,30.8,9.61,4.2,0.0,587.0,34.0,2.96
172102,"Burrito, beef and bean, microwaved","Meals, Entrees, and Side Dishes",SR Legacy,1250.0,8.73,39.0,11.9,6.9,0.0,659.0,39.0,3.12
173860,"Corned beef loaf, jellied",Sausages and Luncheon Meats,SR Legacy,153.0,22.9,0.0,6.1,0.0,0.0,953.0,11.0,2.04
167696,"Frankfurter, beef, low fat",Sausages and Luncheon Meats,SR Legacy,585.0,12.0,1.6,9.5,0.0,0.0,744.0,8.0,1.15
171589,"Gravy, instant beef, dry","Soups, Sauces, and Gravies",SR Legacy,1540.0,9.8,61.1,9.48,4.3,0.0,5200.0,141.0,6.27
172943,"Honey roll sausage, beef",Sausages and Luncheon Meats,SR Legacy,182.0,18.6,2.18,10.5,0.0,0.0,1320.0,9.0,2.2
173867,"Knackwurst, knockwurst, pork, beef",Sausages and Luncheon Meats,SR Legacy,307.0,11.1,3.2,27.7,0.0,0.0,930.0,11.0,0.66
174587,"Luncheon sausage, pork and beef",Sausages and Luncheon Meats,SR Legacy,260.0,15.4,1.58,20.9,0.0,0.0,1180.0,13.0,1.43
174589,"Oscar Mayer, Bologna (beef)",Sausages and Luncheon Meats,SR Legacy,1320.0,11.0,2.45,29.1,0.0,0.0,1180.0,12.0,1.36
174574,"Peppered loaf, pork, beef",Sausages and Luncheon Meats,SR Legacy,624.0,17.3,4.53,6.37,0.0,0.0,732.0,54.0,1.07
174575,"Pepperoni, beef and pork, sliced",Sausages and Luncheon Meats,SR Legacy,504.0,19.2,1.18,46.3,0.0,0.0,1580.0,19.0,1.33
172933,"Picnic loaf, pork, beef",Sausages and Luncheon Meats,SR Legacy,232.0,14.9,4.76,16.6,0.0,0.0,1160.0,47.0,1.02
172343,"Fish oil, salmon",Fats and Oils,SR Legacy,902.0,0.0,0.0,100.0,0.0,0.0,0.0,0.0,0.0
173688,"Fish, salmon, chinook, raw",Finfish and Shellfish Products,SR Legacy,750.0,19.9,0.0,10.4,0.0,0.0,47.0,26.0,0.25
173687,"Fish, salmon, chinook, smoked",Finfish and Shellfish Products,SR Legacy,117.0,18.3,0.0,4.32,0.0,0.0,672.0,11.0,0.85
173689,"Fish, salmon, chum, raw",Finfish and Shellfish Products,SR Legacy,120.0,20.1,0.0,3.77,0.0,0.0,50.0,11.0,0.55
175138,"Fish, salmon, pink, raw",Finfish and Shellfish Products,SR Legacy,532.0,20.5,0.0,4.4,0.0,0.0,75.0,7.0,0.38
173691,"Fish, salmon, sockeye, raw",Finfish and Shellfish Products,SR Legacy,131.0,22.2,0.0,4.69,0.0,0.0,78.0,9.0,0.43
175167,"Fish, salmon, Atlantic, farmed, raw",Finfish and Shellfish Products,SR Legacy,871.0,20.4,0.0,13.4,0.0,0.0,59.0,9.0,0.34
173686,"Fish, salmon, Atlantic, wild, raw",Finfish and Shellfish Products,SR Legacy,142.0,19.8,0.0,6.34,0.0,0.0,44.0,12.0,0.8
173715,"Fish, salmon, coho, farmed, raw",Finfish and Shellfish Products,SR Legacy,160.0,21.3,0.0,7.67,0.0,0.0,47.0,12.0,0.34
175136,"Fish, salmon, coho, wild, raw",Finfish and Shellfish Products,SR Legacy,146.0,21.6,0.0,5.93,0.0,0.0,46.0,36.0,0.56
173721,"Salmon nuggets, breaded, frozen, heated",Finfish and Shellfish Products,SR Legacy,212.0,12.7,14.0,11.7,0.0,0.0,173.0,8.0,1.24
173722,"Salmon nuggets, cooked as purchased, unheated",Finfish and Shellfish Products,SR Legacy,189.0,12.0,11.8,10.4,0.0,0.0,167.0,9.0,1.46
171999,"Fish, salmon, chinook, cooked, dry heat",Finfish and Shellfish Products,SR Legacy,231.0,25.7,0.0,13.4,0.0,0.0,60.0,28.0,0.91
171985,"Fish, salmon, chinook, smoked, (lox), regular",Finfish and Shellfish Products,SR Legacy,117.0,18.3,0.0,4.32,0.0,0.0,2000.0,11.0,0.85
172000,"Fish, salmon, chum, cooked, dry heat",Finfish and Shellfish Products,SR Legacy,154.0,25.8,0.0,4.83,0.0,0.0,64.0,14.0,0.71
168054,"Fish, salmon, chum, dried (Alaska Native)",American Indian/Alaska Native Foods,SR Legacy,1580.0,62.1,0.0,14.4,0.0,0.0,190.0,155.0,2.2
168046,"Fish, Salmon, Chum, raw (Alaska Native)",American Indian/Alaska Native Foods,SR Legacy,484.0,20.7,0.0,3.67,0.0,0.0,59.0,7.0,0.56
175175,"Fish, salmon, pink, canned, drained solids",Finfish and Shellfish Products,SR Legacy,576.0,23.1,0.0,5.02,0.0,0.0,381.0,283.0,0.77
172001,"Fish, salmon, pink, cooked, dry heat",Finfish and Shellfish Products,SR Legacy,153.0,24.6,0.0,5.28,0.0,0.0,90.0,8.0,0.45
173693,"Fish, salmon, sockeye, canned, drained solids",Finfish and Shellfish Products,SR Legacy,701.0,23.6,0.0,7.39,0.0,0.0,408.0,232.0,0.65
173692,"Fish, salmon, sockeye, cooked, dry heat",Finfish and Shellfish Products,SR Legacy,653.0,26.5,0.0,5.57,0.0,0.0,92.0,11.0,0.52
168023,"Fish, salmon, tipnuk, fermented (Alaska Native)",American Indian/Alaska Native Foods,SR Legacy,665.0,15.9,0.0,10.6,0.0,0.0,0.0,0.0,0.0
175174,"Salmon, sockeye, canned, total can contents",Finfish and Shellfish Products,SR Legacy,153.0,20.6,0.0,7.17,0.0,0.0,433.0,198.0,0.57
175168,"Fish, salmon, Atlantic, farmed, cooked, dry heat",Finfish and Shellfish Products,SR Legacy,861.0,22.1,0.0,12.4,0.0,0.0,61.0,15.0,0.34
171998,"Fish, salmon, Atlantic, wild, cooked, dry heat",Finfish and Shellfish Products,SR Legacy,182.0,25.4,0.0,8.13,0.0,0.0,56.0,15.0,1.03
175135,"Fish, salmon, chum, canned, drained solids with bone",Finfish and Shellfish Products,SR Legacy,141.0,21.4,0.0,5.5,0.0,0.0,391.0,249.0,0.7
167639,"Fish, salmon, coho (silver), raw (Alaska Native)",American Indian/Alaska Native Foods,SR Legacy,587.0,22.6,0.0,5.57,0.0,0.0,58.0,5.0,0.55
173716,"Fish, salmon, coho, farmed, cooked, dry heat",Finfish and Shellfish Products,SR Legacy,178.0,24.3,0.0,8.23,0.0,0.0,52.0,12.0,0.39
173719,"Fish, salmon, coho, wild, cooked, dry heat",Finfish and Shellfish Products,SR Legacy,139.0,23.4,0.0,4.3,0.0,0.0,58.0,45.0,0.61
175137,"Fish, salmon, coho, wild, cooked, moist heat",Finfish and Shellfish Products,SR Legacy,184.0,27.4,0.0,7.5,0.0,0.0,53.0,46.0,0.71
168047,"Fish, salmon, king (chinook), raw (Alaska Native)",American Indian/Alaska Native Foods,SR Legacy,781.0,20.2,0.0,11.7,0.0,0.0,48.0,42.0,0.79
167616,"Fish, salmon, king, chinook, liver (Alaska Native)",American Indian/Alaska Native Foods,SR Legacy,156.0,16.6,4.3,8.0,0.0,0.0,0.0,28.0,2.6
167647,"Fish, salmon, king, with skin, kippered, (Alaska Native)",American Indian/Alaska Native Foods,SR Legacy,209.0,23.2,0.0,13.0,0.0,0.0,870.0,55.0,0.55
173690,"Fish, salmon, pink, canned, total can contents",Finfish and Shellfish Products,SR Legacy,129.0,19.7,0.0,4.97,0.0,0.0,403.0,215.0,0.64
167646,"Fish, salmon, red, (sockeye), kippered (Alaska Native)",American Indian/Alaska Native Foods,SR Legacy,589.0,24.5,0.0,4.75,0.0,0.0,460.0,54.0,0.49
168045,"Fish, salmon, sockeye (red), raw (Alaska Native)",American Indian/Alaska Native Foods,SR Legacy,641.0,21.9,0.0,7.28,0.0,0.0,60.0,7.0,0.53
168024,"Fish, salmon, king, chinook, kippered, canned (Alaska Native)",American Indian/Alaska Native Foods,SR Legacy,266.0,30.7,0.0,15.9,0.0,0.0,0.0,38.0,1.7
167614,"Fish, salmon, king, chinook, smoked and canned (Alaska Native)",American Indian/Alaska Native Foods,SR Legacy,627.0,23.2,0.0,5.9,0.0,0.0,0.0,60.0,1.8
167615,"Fish, salmon, king, chinook, smoked, brined (Alaska Native)",American Indian/Alaska Native Foods,SR Legacy,1800.0,39.9,0.0,30.0,0.0,0.0,693.0,23.0,4.5
167645,"Fish, salmon, red, (sockeye), canned, smoked (Alaska Native)",American Indian/Alaska Native Foods,SR Legacy,206.0,35.2,0.0,7.26,0.0,0.0,600.0,69.0,1.5
167642,"Fish, salmon, red, canned, bones removed (Alaska Native)",American Indian/Alaska Native Foods,SR Legacy,674.0,27.3,0.0,5.76,0.0,0.0,390.0,28.0,1.9
169813,"Salmon, red (sockeye), filets with skin, smoked (Alaska Native)",American Indian/Alaska Native Foods,SR Legacy,345.0,60.6,0.0,11.4,0.0,0.0,51.0,58.0,1.06
173723,"Salmon, sockeye, canned, drained solids, without skin and bones",Finfish and Shellfish Products,SR Legacy,158.0,26.3,0.0,5.87,0.0,0.0,386.0,37.0,0.48
174224,"Fish, salmon, chum, canned, without salt, drained solids with bone",Finfish and Shellfish Products,SR Legacy,141.0,21.4,0.0,5.5,0.0,0.0,75.0,249.0,0.7
173724,"Fish, Salmon, pink, canned, drained solids, without skin and bones",Finfish and Shellfish Products,SR Legacy,570.0,24.6,0.0,4.21,0.0,0.0,378.0,60.0,0.57
174225,"Fish, salmon, pink, canned, without salt, solids with bone and liquid",Finfish and Shellfish Products,SR Legacy,139.0,19.8,0.0,6.05,0.0,0.0,75.0,213.0,0.84
174226,"Fish, salmon, sockeye, canned, without salt, drained solids with bone",Finfish and Shellfish Products,SR Legacy,153.0,20.5,0.0,7.31,0.0,0.0,75.0,239.0,1.06
175160,"Fish, tuna salad",Finfish and Shellfish Products,SR Legacy,187.0,16.0,9.41,9.26,0.0,0.0,402.0,17.0,1.0
173706,"Fish, tuna, fresh, bluefin, raw",Finfish and Shellfish Products,SR Legacy,144.0,23.3,0.0,4.9,0.0,0.0,39.0,8.0,1.02
175156,"Fish, tuna, fresh, skipjack, raw",Finfish and Shellfish Products,SR Legacy,103.0,22.0,0.0,1.01,0.0,0.0,37.0,29.0,1.25
175159,"Fish, tuna, fresh, yellowfin, raw",Finfish and Shellfish Products,SR Legacy,454.0,24.4,0.0,0.49,0.0,0.0,45.0,4.0,0.77
173707,"Fish, tuna, fresh, bluefin, cooked, dry heat",Finfish and Shellfish Products,SR Legacy,184.0,29.9,0.0,6.28,0.0,0.0,50.0,10.0,1.31
173708,"Fish, tuna, light, canned in oil, drained solids",Finfish and Shellfish Products,SR Legacy,830.0,29.1,0.0,8.21,0.0,0.0,416.0,13.0,1.39
334194,"Fish, tuna, light, canned in water, drained solids",Finfish and Shellfish Products,Foundation,376.0,19.0,0.08,0.94,0.0,0.0,219.0,18.0,1.67
172005,"Fish, tuna, skipjack, fresh, cooked, dry heat",Finfish and Shellfish Products,SR Legacy,132.0,28.2,0.0,1.29,0.0,0.0,47.0,37.0,1.6
175157,"Fish, tuna, white, canned in oil, drained solids",Finfish and Shellfish Products,SR Legacy,186.0,26.5,0.0,8.08,0.0,0.0,396.0,4.0,0.65
175158,"Fish, tuna, white, canned in water, drained solids",Finfish and Shellfish Products,SR Legacy,128.0,23.6,0.0,2.97,0.0,0.0,377.0,14.0,0.97
172006,"Fish, tuna, yellowfin, fresh, cooked, dry heat",Finfish and Shellfish Products,SR Legacy,130.0,29.2,0.0,0.59,0.0,0.0,54.0,4.0,0.92
170316,"SUBWAY, tuna sub on white bread with lettuce and tomato",Fast Foods,SR Legacy,221.0,12.3,16.0,12.0,0.7,0.0,329.0,136.0,1.57
170299,"Fast foods, submarine sandwich, tuna on white bread with lettuce and tomato",Fast Foods,SR Legacy,218.0,12.3,16.0,12.0,0.7,0.0,329.0,136.0,1.57
174227,"Fish, tuna, light, canned in oil, without salt, drained solids",Finfish and Shellfish Products,SR Legacy,198.0,29.1,0.0,8.21,0.0,0.0,50.0,13.0,1.39
171986,"Fish, tuna, light, canned in water, without salt, drained solids",Finfish and Shellfish Products,SR Legacy,487.0,25.5,0.0,0.82,0.0,0.0,50.0,11.0,1.53
171987,"Fish, tuna, white, canned in oil, without salt, drained solids",Finfish and Shellfish Products,SR Legacy,186.0,26.5,0.0,8.08,0.0,0.0,50.0,4.0,0.65
171988,"Fish, tuna, white, canned in water, without salt, drained solids",Finfish and Shellfish Products,SR Legacy,128.0,23.6,0.0,2.97,0.0,0.0,50.0,14.0,0.97
173709,"Fish, tuna, light, canned in water, drained solids (Includes foods for USDA's Food Distribution Program)",Finfish and Shellfish Products,SR Legacy,361.0,19.4,0.0,0.96,0.0,0.0,247.0,17.0,1.63
175180,"Crustaceans, shrimp, cooked",Finfish and Shellfish Products,SR Legacy,99.0,24.0,0.2,0.28,0.0,0.0,111.0,70.0,0.51
175179,"Crustaceans, shrimp, raw",Finfish and Shellfish Products,SR Legacy,356.0,20.1,0.0,0.51,0.0,0.0,119.0,64.0,0.52
173160,"Snacks, shrimp cracker",Snacks,SR Legacy,1780.0,7.14,59.1,17.9,5.6,0.0,571.0,20.0,1.91
169008,"APPLEBEE'S, Double Crunch Shrimp",Restaurant Foods,SR Legacy,323.0,12.3,26.0,18.9,2.6,0.0,838.0,45.0,1.03
168077,"DENNY'S, golden fried shrimp",Restaurant Foods,SR Legacy,1340.0,13.9,20.9,20.0,1.5,0.0,1400.0,47.0,1.54
168080,"Restaurant, Chinese, shrimp and vegetables",Restaurant Foods,SR Legacy,78.0,5.9,4.52,4.05,1.4,0.0,375.0,36.0,0.72
171972,"Crustaceans, shrimp, mixed species, canned",Finfish and Shellfish Products,SR Legacy,100.0,20.4,0.0,1.36,0.0,0.0,870.0,145.0,2.13
172037,"Fast foods, shrimp, breaded and fried",Fast Foods,SR Legacy,308.0,7.84,28.0,18.9,0.7,0.0,897.0,29.0,0.86
171159,"Soup, cream of shrimp, canned, condensed","Soups, Sauces, and Gravies",SR Legacy,301.0,2.22,6.53,4.14,0.2,0.0,685.0,14.0,0.42
169832,"T.G.I. FRIDAY'S, FRIDAY'S Shrimp, breaded",Restaurant Foods,SR Legacy,1260.0,11.9,20.9,19.0,0.0,0.0,1210.0,33.0,0.53
168074,"CRACKER BARREL, country fried shrimp platter",Restaurant Foods,SR Legacy,287.0,12.6,21.4,16.8,0.3,0.0,1050.0,43.0,1.53
169838,"Restaurant, family style, shrimp, breaded and fried",Restaurant Foods,SR Legacy,308.0,12.7,22.3,18.7,1.5,0.0,1120.0,42.0,1.16
171970,"Crustaceans, shrimp, mixed species, cooked, breaded and fried",Finfish and Shellfish Products,SR Legacy,1010.0,21.4,11.5,12.3,0.4,0.0,344.0,67.0,1.26
171973,"Crustaceans, shrimp, mixed species, imitation, made from surimi",Finfish and Shellfish Products,SR Legacy,101.0,12.4,9.13,1.47,0.0,0.0,705.0,19.0,0.6
172918,"Soup, cream of shrimp, canned, prepared with equal volume water","Soups, Sauces, and Gravies",SR Legacy,36.0,1.11,3.27,2.07,0.1,0.0,391.0,9.0,0.21
174210,"Crustaceans, shrimp, mixed species, raw (may contain additives to retain moisture)",Finfish and Shellfish Products,SR Legacy,297.0,13.6,0.91,1.01,0.0,0.0,566.0,54.0,0.21
172898,"Soup, cream of shrimp, canned, prepared with equal volume low fat (2%) milk","Soups, Sauces, and Gravies",SR Legacy,254.0,2.78,5.64,3.23,0.1,0.0,354.0,69.0,0.22
171971,"Crustaceans, shrimp, mixed species, cooked, moist heat (may contain additives to retain moisture)",Finfish and Shellfish Products,SR Legacy,119.0,22.8,1.52,1.7,0.0,0.0,947.0,91.0,0.32
747997,"Eggs, Grade A, Large, egg white",Dairy and Egg Products,Foundation,55.0,10.7,2.36,0.0,0.0,0.0,0.0,0.0,0.0
748967,"Eggs, Grade A, Large, egg whole",Dairy and Egg Products,Foundation,617.0,12.4,0.96,9.96,0.0,0.0,129.0,48.0,1.67
748236,"Eggs, Grade A, Large, egg yolk",Dairy and Egg Products,Foundation,1400.0,16.2,1.02,28.8,0.0,0.0,0.0,0.0,0.0
174901,"Bagels, egg",Baked Products,SR Legacy,278.0,10.6,53.0,2.1,2.3,0.0,505.0,13.0,3.98
172673,"Bread, egg",Baked Products,SR Legacy,287.0,9.5,47.8,6.0,2.3,0.0,380.0,93.0,3.04
172674,"Bread, egg, toasted",Baked Products,SR Legacy,315.0,10.5,52.6,6.6,2.5,0.0,417.0,102.0,3.34
172741,"Crackers, matzo, egg",Baked Products,SR Legacy,391.0,12.3,78.6,2.1,2.8,0.0,21.0,40.0,2.7
173429,"Egg substitute, powder",Dairy and Egg Products,SR Legacy,1860.0,55.5,21.8,13.0,0.0,0.0,800.0,326.0,3.16
323793,"Egg, white, dried",Dairy and Egg Products,Foundation,376.0,79.9,6.02,0.65,0.0,0.0,1250.0,104.0,0.0
172204,"Egg, white, dried",Dairy and Egg Products,SR Legacy,382.0,81.1,7.8,0.0,0.0,0.0,1280.0,62.0,0.15
172188,"Egg, whole, dried",Dairy and Egg Products,SR Legacy,592.0,48.0,1.13,43.9,0.0,0.0,476.0,244.0,7.2
329490,"Egg, whole, dried",Dairy and Egg Products,Foundation,575.0,48.1,1.87,39.8,0.0,0.0,485.0,220.0,6.97
173428,"Egg, yolk, dried",Dairy and Egg Products,SR Legacy,2800.0,33.6,0.66,59.1,0.0,0.0,149.0,289.0,9.56
329716,"Egg, yolk, dried",Dairy and Egg Products,Foundation,2740.0,34.2,1.07,55.5,0.0,0.0,149.0,270.0,9.28
173307,"McDONALD'S, Egg McMUFFIN",Fast Foods,SR Legacy,228.0,13.6,21.7,9.66,1.1,0.0,617.0,192.0,2.3
173343,Potato salad with egg,"Meals, Entrees, and Side Dishes",SR Legacy,658.0,1.96,16.2,9.4,1.3,0.0,329.0,15.0,0.5
175027,"Rolls, dinner, egg",Baked Products,SR Legacy,307.0,9.5,52.0,6.4,3.7,0.0,566.0,59.0,3.52
172183,"Egg, white, raw, fresh",Dairy and Egg Products,SR Legacy,52.0,10.9,0.73,0.17,0.0,0.0,166.0,7.0,0.08
173423,"Egg, whole, cooked, fried",Dairy and Egg Products,SR Legacy,196.0,13.6,0.83,14.8,0.0,0.0,207.0,62.0,1.89
172185,"Egg, whole, cooked, omelet",Dairy and Egg Products,SR Legacy,154.0,10.6,0.64,11.7,0.0,0.0,155.0,48.0,1.48
172186,"Egg, whole, cooked, poached",Dairy and Egg Products,SR Legacy,597.0,12.5,0.71,9.47,0.0,0.0,297.0,56.0,1.75
172187,"Egg, whole, cooked, scrambled",Dairy and Egg Products,SR Legacy,149.0,9.99,1.61,11.0,0.0,0.0,145.0,66.0,1.31
171287,"Egg, whole, raw, fresh",Dairy and Egg Products,SR Legacy,599.0,12.6,0.72,9.51,0.0,0.0,142.0,56.0,1.75
172184,"Egg, yolk, raw, fresh",Dairy and Egg Products,SR Legacy,1350.0,15.9,3.59,26.5,0.0,0.0,48.0,129.0,2.73
169904,"Eggs, scrambled, frozen mixture",Dairy and Egg Products,SR Legacy,131.0,13.1,7.5,5.6,0.0,0.0,162.0,17.0,0.23
171365,"Babyfood, cereal, with eggs, strained",Baby Foods,SR Legacy,58.0,2.2,8.0,1.5,0.0,0.0,38.0,27.0,0.54
172812,"Crackers, matzo, egg and onion",Baked Products,SR Legacy,391.0,10.0,77.1,3.9,5.0,0.0,285.0,36.0,4.37
168772,"Egg custards, dry mix",Sweets,SR Legacy,410.0,6.9,82.8,6.4,0.0,0.0,281.0,228.0,1.93
173272,"Fast foods, egg, scrambled",Fast Foods,SR Legacy,887.0,13.8,2.08,16.2,0.0,0.0,187.0,57.0,2.59
172071,"McDONALD'S, Sausage Biscuit with Egg",Fast Foods,SR Legacy,1300.0,11.3,19.3,22.3,0.8,0.0,664.0,58.0,2.03
172068,"McDONALD'S, Sausage McMUFFIN with Egg",Fast Foods,SR Legacy,274.0,12.6,17.3,17.8,0.9,0.0,572.0,172.0,1.97
169731,"Noodles, egg, dry, enriched",Cereal Grains and Pasta,SR Legacy,1610.0,14.2,71.3,4.44,3.3,0.0,21.0,35.0,4.01
169755,"Noodles, egg, dry, unenriched",Cereal Grains and Pasta,SR Legacy,384.0,14.2,71.3,4.44,3.3,0.0,21.0,35.0,1.9
169732,"Noodles, egg, enriched, cooked",Cereal Grains and Pasta,SR Legacy,138.0,4.54,25.2,2.07,1.2,0.0,5.0,12.0,1.47
172189,"Egg, duck, whole, fresh, raw",Dairy and Egg Products,SR Legacy,185.0,12.8,1.45,13.8,0.0,0.0,146.0,64.0,3.85
172190,"Egg, goose, whole, fresh, raw",Dairy and Egg Products,SR Legacy,185.0,13.9,1.35,13.3,0.0,0.0,138.0,60.0,3.64
172191,"Egg, quail, whole, fresh, raw",Dairy and Egg Products,SR Legacy,158.0,13.0,0.41,11.1,0.0,0.0,141.0,64.0,3.65
172192,"Egg, turkey, whole, fresh, raw",Dairy and Egg Products,SR Legacy,171.0,13.7,1.15,11.9,0.0,0.0,151.0,99.0,4.1
172203,"Egg, white, raw, frozen, pasteurized",Dairy and Egg Products,SR Legacy,202.0,10.2,1.04,0.0,0.0,0.0,169.0,8.0,0.04
323697,"Egg, white, raw, frozen, pasteurized",Dairy and Egg Products,Foundation,201.0,10.1,0.74,0.16,0.0,0.0,144.0,9.0,0.18
173424,"Egg, whole, cooked, hard-boiled",Dairy and Egg Products,SR Legacy,155.0,12.6,1.12,10.6,0.0,0.0,124.0,50.0,1.19
323604,"Egg, whole, raw, frozen, pasteurized",Dairy and Egg Products,Foundation,150.0,12.3,0.91,10.3,0.0,0.0,121.0,55.0,1.77
329596,"Egg, yolk, raw, frozen, pasteurized",Dairy and Egg Products,Foundation,1240.0,15.6,0.59,25.1,0.0,0.0,66.0,119.0,4.13
173421,"Egg, yolk, raw, frozen, pasteurized",Dairy and Egg Products,SR Legacy,1240.0,15.5,0.81,25.6,0.0,0.0,67.0,134.0,4.55
171364,"Babyfood, cereal, with egg yolks, junior",Baby Foods,SR Legacy,52.0,1.9,7.1,1.8,0.9,0.0,33.0,24.0,0.51
170971,"Babyfood, cereal, with egg yolks, strained",Baby Foods,SR Legacy,51.0,1.9,7.0,1.8,0.9,0.0,33.0,24.0,0.47
172076,"BURGER KING, CROISSAN'WICH with Egg and Cheese",Fast Foods,SR Legacy,283.0,10.4,24.8,15.8,0.7,0.0,650.0,231.0,1.9
172104,"Egg rolls, chicken, refrigerated, heated","Meals, Entrees, and Side Dishes",SR Legacy,197.0,10.4,28.5,4.51,2.4,0.0,478.0,47.0,1.69
172103,"Egg rolls, pork, refrigerated, heated","Meals, Entrees, and Side Dishes",SR Legacy,227.0,9.94,28.5,8.18,0.0,0.0,407.0,34.0,1.55
172105,"Egg rolls, vegetable, frozen, prepared","Meals, Entrees, and Side Dishes",SR Legacy,894.0,5.95,31.8,6.97,2.4,0.0,490.0,50.0,1.95
167722,Tofu yogurt,Legumes and Legume Products,SR Legacy,394.0,3.5,16.0,1.8,0.2,0.0,35.0,118.0,1.06
172451,"Tofu, fried",Legumes and Legume Products,SR Legacy,1130.0,18.8,8.86,20.2,3.9,0.0,16.0,372.0,4.87
167695,"Mayonnaise, made with tofu",Fats and Oils,SR Legacy,1350.0,5.95,3.06,31.8,1.1,0.0,773.0,53.0,0.27
172450,"Tofu, dried-frozen (koyadofu)",Legumes and Legume Products,SR Legacy,477.0,52.5,10.0,30.3,7.2,0.0,6.0,364.0,9.73
174291,"Tofu, hard, prepared with nigari",Legumes and Legume Products,SR Legacy,609.0,12.7,4.39,9.99,0.6,0.0,2.0,345.0,2.75
174280,"Tofu, salted and fermented (fuyu)",Legumes and Legume Products,SR Legacy,116.0,8.92,4.38,8.0,0.0,0.0,2870.0,46.0,1.98
173788,HOUSE FOODS Premium Firm Tofu,Legumes and Legume Products,SR Legacy,85.0,10.9,0.97,4.19,0.9,0.0,33.0,149.0,1.69
173787,HOUSE FOODS Premium Soft Tofu,Legumes and Legume Products,SR Legacy,245.0,6.38,2.19,2.71,0.8,0.0,34.0,78.0,1.53
172461,"MORI-NU, Tofu, silken, firm",Legumes and Legume Products,SR Legacy,62.0,6.9,2.4,2.7,0.1,0.0,36.0,32.0,1.03
174292,"MORI-NU, Tofu, silken, soft",Legumes and Legume Products,SR Legacy,55.0,4.8,2.9,2.7,0.1,0.0,5.0,31.0,0.82
174290,"Tofu, extra firm, prepared with nigari",Legumes and Legume Products,SR Legacy,83.0,9.98,1.18,5.26,1.0,0.0,4.0,282.0,2.04
174304,"Tofu, fried, prepared with calcium sulfate",Legumes and Legume Products,SR Legacy,270.0,18.8,8.86,20.2,3.9,0.0,16.0,961.0,4.87
175236,"Vitasoy USA Azumaya, Firm Tofu",Legumes and Legume Products,SR Legacy,80.0,9.08,1.52,4.2,0.6,0.0,23.0,180.0,1.3
173786,"Vitasoy USA Azumaya, Silken Tofu",Legumes and Legume Products,SR Legacy,181.0,4.82,0.58,2.4,0.2,0.0,2.0,66.0,0.8
172462,"MORI-NU, Tofu, silken, extra firm",Legumes and Legume Products,SR Legacy,55.0,7.4,2.0,1.9,0.1,0.0,63.0,31.0,1.19
172463,"MORI-NU, Tofu, silken, lite firm",Legumes and Legume Products,SR Legacy,155.0,6.3,1.1,0.8,0.0,0.0,85.0,36.0,0.75
172475,"Tofu, raw, firm, prepared with calcium sulfate",Legumes and Legume Products,SR Legacy,603.0,17.3,2.78,8.72,2.3,0.0,14.0,683.0,2.66
172476,"Tofu, raw, regular, prepared with calcium sulfate",Legumes and Legume Products,SR Legacy,76.0,8.08,1.87,4.78,0.3,0.0,7.0,350.0,5.36
175235,"Vitasoy USA Azumaya, Extra Firm Tofu",Legumes and Legume Products,SR Legacy,367.0,10.1,1.53,4.6,0.9,0.0,26.0,176.0,1.7
173784,"Vitasoy USA Nasoya, Lite Silken Tofu",Legumes and Legume Products,SR Legacy,43.0,8.21,0.0,1.1,0.0,0.0,79.0,394.0,0.87
173783,"Vitasoy USA Organic Nasoya, Soft Tofu",Legumes and Legume Products,SR Legacy,291.0,8.76,0.74,3.5,0.6,0.0,4.0,130.0,1.1
172468,"Vitasoy USA, Nasoya Lite Firm Tofu",Legumes and Legume Products,SR Legacy,225.0,8.3,1.3,1.7,0.6,0.0,34.0,184.0,1.6
173763,"Vitasoy USA, Organic Nasoya Firm Tofu",Legumes and Legume Products,SR Legacy,84.0,8.9,2.3,4.4,0.8,0.0,4.0,125.0,1.2
173764,"Vitasoy USA, Organic Nasoya Silken Tofu",Legumes and Legume Products,SR Legacy,198.0,4.8,1.4,2.5,0.3,0.0,2.0,75.0,0.9
172464,"MORI-NU, Tofu, silken, lite extra firm",Legumes and Legume Products,SR Legacy,38.0,7.0,1.0,0.7,0.0,0.0,98.0,43.0,0.79
174303,"Tofu, dried-frozen (koyadofu), prepared with calcium sulfate",Legumes and Legume Products,SR Legacy,1960.0,52.4,8.3,30.3,1.2,0.0,6.0,2130.0,9.73
174305,"Tofu, salted and fermented (fuyu), prepared with calcium sulfate",Legumes and Legume Products,SR Legacy,485.0,8.15,5.15,8.0,0.0,0.0,2870.0,1230.0,1.98
175233,"Vitasoy USA Organic Nasoya, Tofu Plus Firm",Legumes and Legume Products,SR Legacy,310.0,9.19,1.71,3.4,0.8,0.0,4.0,237.0,1.3
173762,"Vitasoy USA, Organic Nasoya Extra Firm Tofu",Legumes and Legume Products,SR Legacy,412.0,10.1,2.6,5.2,1.3,0.0,4.0,77.0,1.6
172448,"Tofu, firm, prepared with calcium sulfate and magnesium chloride (nigari)",Legumes and Legume Products,SR Legacy,78.0,9.04,2.85,4.17,0.9,0.0,12.0,201.0,1.61
172449,"Tofu, soft, prepared with calcium sulfate and magnesium chloride (nigari)",Legumes and Legume Products,SR Legacy,253.0,7.17,1.18,3.69,0.2,0.0,8.0,111.0,1.11
173785,"Vitasoy USA Organic Nasoya, Tofu Plus Extra Firm",Legumes and Legume Products,SR Legacy,385.0,10.2,1.82,4.9,1.0,0.0,7.0,246.0,1.6
174297,"Vitasoy USA, Organic Nasoya Super Firm Cubed Tofu",Legumes and Legume Products,SR Legacy,118.0,12.4,2.8,6.3,2.0,0.0,6.0,188.0,2.0
175234,"Vitasoy USA Organic Nasoya Sprouted, Tofu Plus Super Firm",Legumes and Legume Products,SR Legacy,480.0,13.2,2.16,5.9,1.2,0.0,28.0,239.0,1.7
172420,"Lentils, raw",Legumes and Legume Products,SR Legacy,352.0,24.6,63.4,1.06,10.7,0.0,6.0,35.0,6.51
168427,"Lentils, sprouted, raw",Vegetables and Vegetable Products,SR Legacy,106.0,8.96,22.1,0.55,0.0,0.0,11.0,25.0,3.21
174284,"Lentils, pink or red, raw",Legumes and Legume Products,SR Legacy,1500.0,23.9,63.1,2.17,10.8,0.0,7.0,48.0,7.39
171577,"SMART SOUP, French Lentil","Soups, Sauces, and Gravies",SR Legacy,222.0,2.9,9.5,1.06,2.9,0.0,131.0,23.0,1.0
175254,"Lentils, mature seeds, cooked, boiled, with salt",Legumes and Legume Products,SR Legacy,477.0,9.02,19.5,0.38,7.9,0.0,238.0,19.0,3.33
168551,"Lentils, sprouted, cooked, stir-fried, with salt",Vegetables and Vegetable Products,SR Legacy,423.0,8.8,21.2,0.45,0.0,0.0,246.0,14.0,3.1
171549,"Soup, lentil with ham, canned, ready-to-serve","Soups, Sauces, and Gravies",SR Legacy,56.0,3.74,8.16,1.12,0.0,0.0,532.0,17.0,1.07
172421,"Lentils, mature seeds, cooked, boiled, without salt",Legumes and Legume Products,SR Legacy,116.0,9.02,20.1,0.38,7.9,0.0,2.0,19.0,3.33
168428,"Lentils, sprouted, cooked, stir-fried, without salt",Vegetables and Vegetable Products,SR Legacy,101.0,8.8,21.2,0.45,0.0,0.0,10.0,14.0,3.1
174288,Chickpea flour (besan),Legumes and Legume Products,SR Legacy,387.0,22.4,57.8,6.69,10.8,0.0,64.0,45.0,4.86
173756,"Chickpeas (garbanzo beans, bengal gram), mature seeds, raw",Legumes and Legume Products,SR Legacy,1580.0,20.5,63.0,6.04,12.2,0.0,24.0,57.0,4.31
173800,"Chickpeas (garbanzo beans, bengal gram), mature seeds, canned, drained solids",Legumes and Legume Products,SR Legacy,139.0,7.05,22.5,2.77,6.4,0.0,246.0,45.0,1.07
175206,"Chickpeas (garbanzo beans, bengal gram), mature seeds, canned, solids and liquids",Legumes and Legume Products,SR Legacy,369.0,4.92,13.5,1.95,4.4,0.0,278.0,35.0,1.23
173799,"Chickpeas (garbanzo beans, bengal gram), mature seeds, cooked, boiled, with salt",Legumes and Legume Products,SR Legacy,686.0,8.86,27.4,2.59,7.6,0.0,243.0,49.0,2.89
173757,"Chickpeas (garbanzo beans, bengal gram), mature seeds, cooked, boiled, without salt",Legumes and Legume Products,SR Legacy,164.0,8.86,27.4,2.59,7.6,0.0,7.0,49.0,2.89
173801,"Chickpeas (garbanzo beans, bengal gram), mature seeds, canned, drained, rinsed in tap water",Legumes and Legume Products,SR Legacy,578.0,7.04,22.9,2.47,6.3,0.0,212.0,43.0,0.98
175250,"Chickpeas (garbanzo beans, bengal gram), mature seeds, canned, solids and liquids, low sodium",Legumes and Legume Products,SR Legacy,88.0,4.92,13.5,1.95,4.4,0.0,132.0,35.0,1.23
173734,"Beans, black, mature seeds, raw",Legumes and Legume Products,SR Legacy,1420.0,21.6,62.4,1.42,15.5,0.0,5.0,123.0,5.02
168068,"Restaurant, Latino, black bean soup",Restaurant Foods,SR Legacy,430.0,5.1,14.8,2.57,4.9,0.0,311.0,42.0,1.76
171141,"Soup, black bean, canned, condensed","Soups, Sauces, and Gravies",SR Legacy,382.0,4.83,15.4,1.32,6.8,0.0,970.0,35.0,1.5
175188,"Beans, black turtle, mature seeds, canned",Legumes and Legume Products,SR Legacy,91.0,6.03,16.6,0.29,6.9,0.0,384.0,35.0,1.9
175186,"Beans, black turtle, mature seeds, raw",Legumes and Legume Products,SR Legacy,1420.0,21.2,63.2,0.9,15.5,0.0,9.0,160.0,8.7
175238,"Beans, black, mature seeds, canned, low sodium",Legumes and Legume Products,SR Legacy,91.0,6.03,16.6,0.29,6.9,0.0,138.0,35.0,1.9
175237,"Beans, black, mature seeds, cooked, boiled, with salt",Legumes and Legume Products,SR Legacy,132.0,8.86,23.7,0.54,8.7,0.0,237.0,27.0,2.1
175239,"Beans, black turtle, mature seeds, cooked, boiled, with salt",Legumes and Legume Products,SR Legacy,130.0,8.18,24.4,0.35,8.3,0.0,239.0,55.0,2.85
173735,"Beans, black, mature seeds, cooked, boiled, without salt",Legumes and Legume Products,SR Legacy,132.0,8.86,23.7,0.54,8.7,0.0,1.0,27.0,2.1
172903,"Soup, black bean, canned, prepared with equal volume water","Soups, Sauces, and Gravies",SR Legacy,46.0,2.42,7.71,0.66,3.4,0.0,487.0,19.0,0.75
175187,"Beans, black turtle, mature seeds, cooked, boiled, without salt",Legumes and Legume Products,SR Legacy,130.0,8.18,24.4,0.35,8.3,0.0,3.0,55.0,2.85
168064,"Restaurant, Latino, Arroz con frijoles negros (rice and black beans)",Restaurant Foods,SR Legacy,631.0,4.64,24.4,3.85,3.4,0.0,420.0,37.0,1.57
170931,"Spices, pepper, black",Spices and Herbs,SR Legacy,1050.0,10.4,64.0,3.26,25.3,0.0,20.0,443.0,9.71
169885,"Beans, liquid from stewed kidney beans",Legumes and Legume Products,SR Legacy,47.0,1.8,2.8,3.2,0.1,0.0,2.0,13.0,1.96
173963,"Currants, european black, raw",Fruits and Fruit Juices,SR Legacy,63.0,1.4,15.4,0.41,0.0,0.0,2.0,55.0,1.54
170186,"Nuts, walnuts, black, dried",Nut and Seed Products,SR Legacy,619.0,24.1,9.58,59.3,6.8,0.0,2.0,61.0,3.12
175207,"Chili with beans, canned",Legumes and Legume Products,SR Legacy,103.0,6.12,13.2,3.76,3.3,0.0,423.0,47.0,3.43
169032,"ON THE BORDER, refried beans",Restaurant Foods,SR Legacy,604.0,7.3,17.5,5.0,8.2,0.0,378.0,57.0,1.67
169222,"Yardlong bean, raw",Vegetables and Vegetable Products,SR Legacy,47.0,2.8,8.35,0.4,0.0,0.0,4.0,50.0,0.47
169793,"Bear, black, meat (Alaska Native)",American Indian/Alaska Native Foods,SR Legacy,649.0,20.1,0.0,8.3,0.0,0.0,0.0,0.0,7.2
174188,"Fish, caviar, black and red, granular",Finfish and Shellfish Products,SR Legacy,1100.0,24.6,4.0,17.9,0.0,0.0,1500.0,275.0,11.9
173780,SILK Black Cherry soy yogurt,Legumes and Legume Products,SR Legacy,368.0,2.35,17.1,1.18,0.6,0.0,12.0,176.0,0.64
175184,"Beans, baked, canned, with franks",Legumes and Legume Products,SR Legacy,142.0,6.75,15.4,6.57,6.9,0.0,430.0,48.0,1.73
175185,"Beans, baked, canned, with pork",Legumes and Legume Products,SR Legacy,443.0,5.19,20.0,1.55,5.5,0.0,414.0,53.0,1.7
173731,"Beans, baked, home prepared",Legumes and Legume Products,SR Legacy,649.0,5.54,21.6,5.15,5.5,0.0,422.0,61.0,1.99
168574,"Beans, fava, in pod, raw",Vegetables and Vegetable Products,SR Legacy,368.0,7.92,17.6,0.73,7.5,0.0,25.0,37.0,1.55
169965,"Beans, snap, green, microwaved",Vegetables and Vegetable Products,SR Legacy,33.0,2.31,6.41,0.5,3.4,0.0,3.0,55.0,0.83
169961,"Beans, snap, green, raw",Vegetables and Vegetable Products,SR Legacy,131.0,1.83,6.97,0.22,2.7,0.0,6.0,37.0,1.03
169320,"Beans, snap, yellow, raw",Vegetables and Vegetable Products,SR Legacy,129.0,1.82,7.13,0.12,3.4,0.0,6.0,37.0,1.04
173336,"Burrito, bean and cheese, frozen","Meals, Entrees, and Side Dishes",SR Legacy,925.0,7.07,34.0,6.3,3.4,0.0,351.0,52.0,2.51
172110,"Chili with beans, microwavable bowls","Meals, Entrees, and Side Dishes",SR Legacy,419.0,5.85,10.9,3.68,2.9,0.0,385.0,34.0,1.13
172098,"Chili, no beans, canned entree","Meals, Entrees, and Side Dishes",SR Legacy,495.0,7.53,6.1,7.1,0.5,0.0,411.0,30.0,2.01
171832,"Dip, bean, original flavor","Soups, Sauces, and Gravies",SR Legacy,496.0,5.44,15.9,3.7,4.9,0.0,443.0,26.0,1.6
172038,"Fast foods, burrito, with beans",Fast Foods,SR Legacy,206.0,6.48,32.9,6.22,0.0,0.0,454.0,52.0,2.08
174296,"Refried beans, canned, vegetarian",Legumes and Legume Products,SR Legacy,347.0,5.28,13.5,0.87,4.7,0.0,430.0,35.0,1.7
167666,"Restaurant, Mexican, refried beans",Restaurant Foods,SR Legacy,651.0,6.91,16.8,6.77,8.0,0.0,376.0,57.0,1.62
790214,"Flour, rice, white, unenriched",Cereal Grains and Pasta,Foundation,359.0,6.94,79.8,1.3,0.5,0.0,5.0,6.0,0.22
169714,"Rice flour, white, unenriched",Cereal Grains and Pasta,SR Legacy,366.0,5.95,80.1,1.42,2.4,0.0,0.0,10.0,0.35
169711,"Rice, white, glutinous, unenriched, cooked",Cereal Grains and Pasta,SR Legacy,406.0,2.02,21.1,0.19,1.0,0.0,5.0,2.0,0.14
168883,"Rice, white, glutinous, unenriched, uncooked",Cereal Grains and Pasta,SR Legacy,370.0,6.81,81.7,0.55,2.8,0.0,7.0,11.0,1.6
169712,"Rice, white, steamed, Chinese restaurant",Cereal Grains and Pasta,SR Legacy,151.0,3.2,33.9,0.27,0.9,0.0,5.0,5.0,0.39
168964,"Rice mix, white and wild, flavored, unprepared","Meals, Entrees, and Side Dishes",SR Legacy,142.0,3.49,26.3,2.57,0.8,0.0,443.0,35.0,1.45
168930,"Rice, white, medium-grain, cooked, unenriched",Cereal Grains and Pasta,SR Legacy,130.0,2.38,28.6,0.21,0.0,0.0,0.0,3.0,0.2
168880,"Rice, white, medium-grain, enriched, cooked",Cereal Grains and Pasta,SR Legacy,130.0,2.38,28.6,0.21,0.3,0.0,0.0,3.0,1.49
168879,"Rice, white, medium-grain, raw, enriched",Cereal Grains and Pasta,SR Legacy,360.0,6.61,79.3,0.58,1.4,0.0,1.0,9.0,4.36
169760,"Rice, white, medium-grain, raw, unenriched",Cereal Grains and Pasta,SR Legacy,360.0,6.61,79.3,0.58,0.0,0.0,1.0,9.0,0.8
168932,"Rice, white, short-grain, cooked, unenriched",Cereal Grains and Pasta,SR Legacy,130.0,2.36,28.7,0.19,0.0,0.0,0.0,1.0,0.2
168882,"Rice, white, short-grain, enriched, cooked",Cereal Grains and Pasta,SR Legacy,130.0,2.36,28.7,0.19,0.0,0.0,0.0,1.0,1.46
168881,"Rice, white, short-grain, enriched, uncooked",Cereal Grains and Pasta,SR Legacy,358.0,6.5,79.2,0.52,2.8,0.0,1.0,3.0,4.23
168931,"Rice, white, short-grain, raw, unenriched",Cereal Grains and Pasta,SR Legacy,358.0,6.5,79.2,0.52,0.0,0.0,1.0,3.0,0.8
174099,"Bread, gluten-free, white, made with potato extract, rice starch, and rice flour",Baked Products,SR Legacy,320.0,3.13,52.8,10.7,3.5,0.0,528.0,24.0,0.76
171862,"Rolls, gluten-free, white, made with rice flour, rice starch, and corn starch",Baked Products,SR Legacy,1000.0,3.34,50.5,2.65,5.1,0.0,593.0,180.0,3.57
169708,"Rice, white, long-grain, parboiled, enriched, cooked",Cereal Grains and Pasta,SR Legacy,123.0,2.91,26.0,0.37,0.9,0.0,2.0,19.0,1.81
169707,"Rice, white, long-grain, parboiled, enriched, dry",Cereal Grains and Pasta,SR Legacy,374.0,7.51,80.9,1.03,1.8,0.0,2.0,71.0,3.33
169759,"Rice, white, long-grain, parboiled, unenriched, cooked",Cereal Grains and Pasta,SR Legacy,123.0,2.91,26.0,0.37,0.9,0.0,2.0,19.0,0.24
169758,"Rice, white, long-grain, parboiled, unenriched, dry",Cereal Grains and Pasta,SR Legacy,1560.0,7.51,80.9,1.03,1.8,0.0,2.0,71.0,0.74
168878,"Rice, white, long-grain, regular, enriched, cooked",Cereal Grains and Pasta,SR Legacy,130.0,2.69,28.2,0.28,0.4,0.0,1.0,10.0,1.2
168877,"Rice, white, long-grain, regular, raw, enriched",Cereal Grains and Pasta,SR Legacy,1530.0,7.13,80.0,0.66,1.3,0.0,5.0,28.0,4.31
169756,"Rice, white, long-grain, regular, raw, unenriched",Cereal Grains and Pasta,SR Legacy,1530.0,7.13,80.0,0.66,1.3,0.0,5.0,28.0,0.8
169709,"Rice, white, long-grain, precooked or instant, enriched, dry",Cereal Grains and Pasta,SR Legacy,1590.0,7.82,82.3,0.94,1.9,0.0,10.0,22.0,6.3
169710,"Rice, white, long-grain, precooked or instant, enriched, prepared",Cereal Grains and Pasta,SR Legacy,124.0,2.18,26.8,0.5,0.6,0.0,4.0,8.0,1.77
169753,"Rice, white, long-grain, regular, cooked, enriched, with salt",Cereal Grains and Pasta,SR Legacy,544.0,2.69,28.2,0.28,0.4,0.0,382.0,10.0,1.2
168935,"Rice, white, long-grain, regular, cooked, unenriched, with salt",Cereal Grains and Pasta,SR Legacy,544.0,2.69,28.2,0.28,0.4,0.0,382.0,10.0,0.2
169757,"Rice, white, long-grain, regular, unenriched, cooked without salt",Cereal Grains and Pasta,SR Legacy,544.0,2.69,28.2,0.28,0.4,0.0,1.0,10.0,0.2
174100,"Bread, gluten-free, white, made with rice flour, corn starch, and/or tapioca",Baked Products,SR Legacy,1040.0,4.31,45.8,5.24,4.3,0.0,447.0,138.0,2.63
174101,"Bread, gluten-free, white, made with tapioca starch and brown rice flour",Baked Products,SR Legacy,298.0,5.4,51.2,8.02,5.5,0.0,515.0,59.0,0.53
174103,"Crackers, gluten-free, multigrain and vegetable, made with corn starch and white rice flour",Baked Products,SR Legacy,456.0,2.5,76.9,15.4,3.0,0.0,890.0,28.0,0.56
173161,Rice crackers,Snacks,SR Legacy,416.0,10.0,82.6,5.0,0.0,0.0,233.0,0.0,0.0
167967,"Snacks, rice cakes, brown rice, buckwheat",Snacks,SR Legacy,380.0,9.0,80.1,3.5,3.8,0.0,116.0,11.0,1.14
169679,"Snacks, rice cakes, brown rice, corn",Snacks,SR Legacy,385.0,8.4,81.2,3.2,2.9,0.0,167.0,9.0,1.17
169680,"Snacks, rice cakes, brown rice, multigrain",Snacks,SR Legacy,387.0,8.5,80.1,3.5,3.0,0.0,252.0,21.0,1.96
168855,"Snacks, rice cakes, brown rice, rye",Snacks,SR Legacy,386.0,8.1,79.9,3.8,4.0,0.0,110.0,21.0,1.8
167966,"Snacks, rice cracker brown rice, plain",Snacks,SR Legacy,387.0,8.2,81.5,2.8,4.2,0.0,166.0,11.0,1.49
171861,"Rolls, gluten-free, white, made with brown rice flour, tapioca starch, and potato starch",Baked Products,SR Legacy,310.0,7.99,55.1,6.4,3.6,0.0,707.0,82.0,0.78
171863,"Rolls, gluten-free, white, made with brown rice flour, tapioca starch, and sorghum flour",Baked Products,SR Legacy,257.0,5.65,40.2,8.2,2.9,0.0,544.0,41.0,0.89
168951,"Rice and vermicelli mix, rice pilaf flavor, unprepared","Meals, Entrees, and Side Dishes",SR Legacy,359.0,10.4,76.3,1.37,1.2,0.0,1300.0,83.0,2.44
170251,"Snacks, rice cakes, brown rice, buckwheat, unsalted",Snacks,SR Legacy,380.0,9.0,80.1,3.5,0.0,0.0,4.0,11.0,1.14
170252,"Snacks, rice cakes, brown rice, multigrain, unsalted",Snacks,SR Legacy,387.0,8.5,80.1,3.5,0.0,0.0,4.0,21.0,1.96
170250,"Snacks, rice cakes, brown rice, plain, unsalted",Snacks,SR Legacy,387.0,8.2,81.5,2.8,4.2,0.0,26.0,11.0,1.49
167557,"Snacks, rice cakes, brown rice, sesame seed",Snacks,SR Legacy,392.0,7.6,81.5,3.8,5.4,0.0,227.0,12.0,1.58
174923,"Bread, rice bran",Baked Products,SR Legacy,243.0,8.9,43.5,4.6,4.9,0.0,269.0,69.0,3.61
1104812,"Flour, rice, brown",Cereal Grains and Pasta,Foundation,365.0,7.19,75.5,3.85,0.0,0.0,1.0,10.0,1.5
1104867,"Flour, rice, glutinous",Cereal Grains and Pasta,Foundation,1500.0,6.69,80.1,1.16,0.0,0.0,6.0,10.0,0.34
171013,"Oil, rice bran",Fats and Oils,SR Legacy,3700.0,0.0,0.0,100.0,0.0,0.0,0.0,0.0,0.07
169031,"ON THE BORDER, Mexican rice",Restaurant Foods,SR Legacy,195.0,3.56,34.2,4.86,1.1,0.0,677.0,39.0,1.18
168898,"Rice flour, brown",Cereal Grains and Pasta,SR Legacy,363.0,7.23,76.5,2.78,4.6,0.0,8.0,11.0,1.98
169865,"Babyfood, peas and brown rice",Baby Foods,SR Legacy,64.0,3.4,11.5,0.5,2.5,0.0,6.0,14.0,1.5
173155,"Snacks, brown rice chips",Snacks,SR Legacy,384.0,8.2,81.5,2.8,4.2,0.0,326.0,11.0,1.49
169864,"Babyfood, vegetable and brown rice, strained",Baby Foods,SR Legacy,289.0,1.9,12.1,1.5,1.1,0.0,14.0,14.0,0.4
170652,"Snacks, rice cakes, brown rice, sesame seed, unsalted",Snacks,SR Legacy,392.0,7.6,81.5,3.8,0.0,0.0,4.0,12.0,1.58
169048,"Babyfood, cereal, brown rice, dry, instant",Baby Foods,SR Legacy,1700.0,8.7,86.0,3.0,6.5,0.0,12.0,55.0,47.6
173263,"Rice, brown, parboiled, cooked, UNCLE BENS",Cereal Grains and Pasta,SR Legacy,147.0,3.09,31.3,0.85,1.7,0.0,4.0,3.0,0.53
168876,"Rice, brown, parboiled, dry, UNCLE BEN'S",Cereal Grains and Pasta,SR Legacy,370.0,7.6,78.7,2.75,3.5,0.0,6.0,8.0,1.16
167698,"Pork sausage rice links, brown and serve, cooked",Sausages and Luncheon Meats,SR Legacy,407.0,13.7,2.36,37.6,0.0,0.0,689.0,15.0,1.12
172026,"Pasta, gluten-free, brown rice flour, cooked, TINKYADA",Cereal Grains and Pasta,SR Legacy,577.0,3.46,32.2,1.67,1.7,0.0,4.0,5.0,0.53
168833,"Sugars, brown",Sweets,SR Legacy,1590.0,0.12,98.1,0.0,0.0,0.0,28.0,83.0,0.71
174102,"Bread, gluten-free, whole grain, made with tapioca starch and brown rice flour",Baked Products,SR Legacy,1300.0,7.25,49.1,9.34,4.9,0.0,510.0,60.0,0.76
169704,"Rice, brown, long-grain, cooked (Includes foods for USDA's Food Distribution Program)",Cereal Grains and Pasta,SR Legacy,123.0,2.74,25.6,0.97,1.6,0.0,4.0,3.0,0.56
169703,"Rice, brown, long-grain, raw (Includes foods for USDA's Food Distribution Program)",Cereal Grains and Pasta,SR Legacy,1530.0,7.54,76.2,3.2,3.6,0.0,5.0,9.0,1.29
168875,"Rice, brown, medium-grain, cooked (Includes foods for USDA's Food Distribution Program)",Cereal Grains and Pasta,SR Legacy,112.0,2.32,23.5,0.83,1.8,0.0,1.0,10.0,0.53
169706,"Rice, brown, medium-grain, raw (Includes foods for USDA's Food Distribution Program)",Cereal Grains and Pasta,SR Legacy,362.0,7.5,76.2,2.68,3.4,0.0,4.0,33.0,1.8
171864,"Rolls, gluten-free, whole grain, made with tapioca starch and brown rice flour",Baked Products,SR Legacy,1380.0,11.8,44.3,11.6,11.2,0.0,507.0,118.0,1.64
169025,"DENNY'S, hash browns",Restaurant Foods,SR Legacy,197.0,2.49,26.6,8.99,2.7,0.0,468.0,17.0,0.56
171565,"Gravy, brown, dry","Soups, Sauces, and Gravies",SR Legacy,367.0,10.7,59.4,9.61,2.0,0.0,4840.0,132.0,1.72
173298,"McDONALD'S, Hash Brown",Fast Foods,SR Legacy,1130.0,2.48,28.6,16.3,2.8,0.0,580.0,19.0,0.56
174907,"Bread, boston brown, canned",Baked Products,SR Legacy,195.0,5.2,43.3,1.5,4.7,0.0,631.0,70.0,2.1
170304,"CHICK-FIL-A, hash browns",Fast Foods,SR Legacy,1260.0,3.0,30.5,18.5,3.2,0.0,454.0,22.0,0.65
171588,"Gravy, brown instant, dry","Soups, Sauces, and Gravies",SR Legacy,1590.0,8.53,59.8,11.8,3.2,0.0,5050.0,116.0,7.4
170036,"Potatoes, hash brown, home-prepared",Vegetables and Vegetable Products,SR Legacy,1110.0,3.0,35.1,12.5,3.2,0.0,342.0,14.0,0.55
172078,"BURGER KING, Hash Brown Rounds",Fast Foods,SR Legacy,1260.0,2.8,29.4,19.3,2.3,0.0,568.0,15.0,0.71
168434,"Mushrooms, brown, italian, or crimini, raw",Vegetables and Vegetable Products,SR Legacy,22.0,2.5,4.3,0.1,0.6,0.0,6.0,18.0,0.4
167604,"Potatoes, hash brown, refrigerated, unprepared",Vegetables and Vegetable Products,SR Legacy,353.0,1.75,19.2,0.08,1.8,0.0,42.0,6.0,0.48
169848,"Restaurant, family style, hash browns",Restaurant Foods,SR Legacy,825.0,2.49,26.6,8.99,2.7,0.0,468.0,17.0,0.56
170675,"Sweeteners, sugar substitute, granulated, brown",Sweets,SR Legacy,347.0,2.06,84.8,0.0,0.6,0.0,572.0,879.0,0.16
172801,"Toaster pastries, brown-sugar-cinnamon",Baked Products,SR Legacy,1550.0,4.06,72.6,7.98,2.3,0.0,361.0,293.0,5.62
170043,"Potatoes, hash brown, frozen, plain, unprepared",Vegetables and Vegetable Products,SR Legacy,82.0,2.06,17.7,0.62,1.4,0.0,22.0,10.0,0.98
169736,"Pasta, dry, enriched",Cereal Grains and Pasta,SR Legacy,371.0,13.0,74.7,1.51,3.2,0.0,6.0,21.0,3.3
168927,"Pasta, dry, unenriched",Cereal Grains and Pasta,SR Legacy,371.0,13.0,74.7,1.51,3.2,0.0,6.0,21.0,1.3
172266,"Babyfood, dinner, pasta with vegetables",Baby Foods,SR Legacy,60.0,1.7,8.4,2.1,1.5,0.0,11.0,14.0,0.5
168954,"Pasta mix, classic beef, unprepared","Meals, Entrees, and Side Dishes",SR Legacy,354.0,12.3,72.2,1.78,2.0,0.0,1540.0,21.0,2.71
168955,"Pasta mix, Italian lasagna, unprepared","Meals, Entrees, and Side Dishes",SR Legacy,1490.0,10.9,73.8,1.97,2.8,0.0,1850.0,52.0,2.87
172100,"Pasta with tomato sauce, no meat, canned","Meals, Entrees, and Side Dishes",SR Legacy,297.0,2.22,13.9,0.71,0.9,0.0,381.0,13.0,0.91
169751,"Pasta, cooked, enriched, with added salt",Cereal Grains and Pasta,SR Legacy,157.0,5.8,30.6,0.93,1.8,0.0,131.0,7.0,1.28
172014,"Pasta, cooked, unenriched, with added salt",Cereal Grains and Pasta,SR Legacy,655.0,5.8,30.6,0.93,1.8,0.0,131.0,7.0,0.5
169727,"Pasta, fresh-refrigerated, plain, as purchased",Cereal Grains and Pasta,SR Legacy,288.0,11.3,54.7,2.3,0.0,0.0,26.0,15.0,3.35
169728,"Pasta, fresh-refrigerated, plain, cooked",Cereal Grains and Pasta,SR Legacy,131.0,5.15,24.9,1.05,0.0,0.0,6.0,6.0,1.14
169729,"Pasta, fresh-refrigerated, spinach, as purchased",Cereal Grains and Pasta,SR Legacy,289.0,11.3,55.7,2.1,0.0,0.0,27.0,43.0,3.3
169730,"Pasta, fresh-refrigerated, spinach, cooked",Cereal Grains and Pasta,SR Legacy,130.0,5.06,25.0,0.94,0.0,0.0,6.0,18.0,1.11
168900,"Pasta, gluten-free, corn, cooked",Cereal Grains and Pasta,SR Legacy,126.0,2.63,27.9,0.73,4.8,0.0,0.0,1.0,0.25
168899,"Pasta, gluten-free, corn, dry",Cereal Grains and Pasta,SR Legacy,357.0,7.46,79.3,2.08,11.0,0.0,3.0,4.0,0.93
168901,"Pasta, homemade, made with egg, cooked",Cereal Grains and Pasta,SR Legacy,130.0,5.28,23.5,1.74,0.0,0.0,83.0,10.0,1.16
169858,"OLIVE GARDEN, chicken parmigiana without pasta",Restaurant Foods,SR Legacy,885.0,15.3,12.3,11.2,0.9,0.0,625.0,95.0,0.58
168953,"Pasta mix, classic cheeseburger macaroni, unprepared","Meals, Entrees, and Side Dishes",SR Legacy,1460.0,11.6,71.5,1.88,2.7,0.0,2150.0,28.0,2.75
169737,"Pasta, cooked, enriched, without added salt",Cereal Grains and Pasta,SR Legacy,660.0,5.8,30.9,0.93,1.8,0.0,1.0,7.0,1.28
168928,"Pasta, cooked, unenriched, without added salt",Cereal Grains and Pasta,SR Legacy,660.0,5.8,30.9,0.93,1.8,0.0,1.0,7.0,0.5
168902,"Pasta, homemade, made without egg, cooked",Cereal Grains and Pasta,SR Legacy,124.0,4.37,25.1,0.98,0.0,0.0,74.0,6.0,1.13
168062,"Restaurant, Italian, chicken parmesan without pasta",Restaurant Foods,SR Legacy,204.0,16.2,10.9,10.6,0.9,0.0,536.0,106.0,0.68
332282,"Sauce, pasta, spaghetti/marinara, ready-to-serve","Soups, Sauces, and Gravies",Foundation,186.0,1.41,8.05,1.48,1.8,0.0,419.0,27.0,0.78
171192,"Sauce, pasta, spaghetti/marinara, ready-to-serve","Soups, Sauces, and Gravies",SR Legacy,208.0,1.39,7.43,1.61,1.8,0.0,437.0,26.0,0.73
168958,"Pasta mix, Italian four cheese lasagna, unprepared","Meals, Entrees, and Side Dishes",SR Legacy,355.0,12.5,70.3,2.7,2.6,0.0,2090.0,55.0,3.12
172091,"Pasta with Sliced Franks in Tomato Sauce, canned entree","Meals, Entrees, and Side Dishes",SR Legacy,90.0,4.37,12.7,2.38,1.6,0.0,287.0,60.0,0.91
173265,"Pasta, gluten-free, corn and rice flour, cooked",Cereal Grains and Pasta,SR Legacy,179.0,3.2,38.0,1.0,1.4,0.0,4.0,2.0,0.22
172094,"Tortellini, pasta with cheese filling, fresh-refrigerated, as purchased","Meals, Entrees, and Side Dishes",SR Legacy,307.0,13.5,47.0,7.23,1.9,0.0,406.0,152.0,1.5
169857,"CARRABBA'S ITALIAN GRILL, chicken parmesan without cavatappi pasta",Restaurant Foods,SR Legacy,206.0,19.0,7.8,11.0,0.9,0.0,467.0,142.0,0.78
171597,"Sauce, pasta, spaghetti/marinara, ready-to-serve, low sodium","Soups, Sauces, and Gravies",SR Legacy,51.0,1.41,8.06,1.48,1.8,0.0,30.0,27.0,0.78
172027,"Pasta, gluten-free, corn flour and quinoa flour, cooked, ANCIENT HARVEST",Cereal Grains and Pasta,SR Legacy,152.0,3.23,31.1,2.07,3.3,0.0,4.0,7.0,0.72
168916,"Pasta, whole grain, 51% whole wheat, remaining unenriched semolina, cooked",Cereal Grains and Pasta,SR Legacy,159.0,5.82,31.5,1.5,4.6,0.0,6.0,12.0,1.65
168915,"Pasta, whole grain, 51% whole wheat, remaining unenriched semolina, dry",Cereal Grains and Pasta,SR Legacy,1520.0,13.5,73.1,2.68,10.1,0.0,11.0,27.0,3.33
168910,"Pasta, whole-wheat, cooked (Includes foods for USDA's Food Distribution Program)",Cereal Grains and Pasta,SR Legacy,625.0,5.99,30.1,1.71,3.9,0.0,4.0,13.0,1.72
169738,"Pasta, whole-wheat, dry (Includes foods for USDA's Food Distribution Program)",Cereal Grains and Pasta,SR Legacy,352.0,13.9,73.4,2.93,9.2,0.0,6.0,29.0,3.62
173264,"Pasta, gluten-free, rice flour and rice bran extract, cooked, DE BOLES",Cereal Grains and Pasta,SR Legacy,836.0,4.21,40.8,1.7,1.9,0.0,4.0,21.0,0.62
172024,"Pasta, whole grain, 51% whole wheat, remaining enriched semolina, cooked (Includes foods for USDA's Food Distribution Program)",Cereal Grains and Pasta,SR Legacy,652.0,5.67,30.9,1.48,4.5,0.0,4.0,11.0,1.58
172025,"Pasta, whole grain, 51% whole wheat, remaining enriched semolina, dry (Includes foods for USDA's Food Distribution Program)",Cereal Grains and Pasta,SR Legacy,361.0,13.2,73.3,2.55,11.3,0.0,12.0,25.0,3.41
170683,"Amaranth grain, cooked",Cereal Grains and Pasta,SR Legacy,102.0,3.8,18.7,1.58,2.1,0.0,6.0,47.0,2.1
170682,"Amaranth grain, uncooked",Cereal Grains and Pasta,SR Legacy,371.0,13.6,65.2,7.02,6.7,0.0,4.0,159.0,7.61
170684,Arrowroot flour,Cereal Grains and Pasta,SR Legacy,357.0,0.3,88.2,0.1,3.4,0.0,2.0,40.0,0.33
169739,Barley flour or meal,Cereal Grains and Pasta,SR Legacy,345.0,10.5,74.5,1.6,10.1,0.0,4.0,32.0,2.68
169740,Barley malt flour,Cereal Grains and Pasta,SR Legacy,361.0,10.3,78.3,1.84,7.1,0.0,11.0,37.0,4.71
170283,"Barley, hulled",Cereal Grains and Pasta,SR Legacy,354.0,12.5,73.5,2.3,17.3,0.0,12.0,33.0,3.6
170285,"Barley, pearled, cooked",Cereal Grains and Pasta,SR Legacy,515.0,2.26,28.2,0.44,3.8,0.0,3.0,11.0,1.33
170284,"Barley, pearled, raw",Cereal Grains and Pasta,SR Legacy,352.0,9.91,77.7,1.16,15.6,0.0,9.0,29.0,2.5
170286,Buckwheat,Cereal Grains and Pasta,SR Legacy,343.0,13.2,71.5,3.4,10.0,0.0,1.0,18.0,2.2
170687,"Buckwheat flour, whole-groat",Cereal Grains and Pasta,SR Legacy,1400.0,12.6,70.6,3.1,10.0,0.0,11.0,41.0,4.06
173576,"Oil, oat",Fats and Oils,SR Legacy,3700.0,0.0,0.0,100.0,0.0,0.0,0.0,0.0,0.0
172666,"Bagels, oat bran",Baked Products,SR Legacy,255.0,10.7,53.3,1.2,3.6,0.0,590.0,12.0,3.08
172676,"Bread, oat bran",Baked Products,SR Legacy,236.0,10.4,39.8,4.4,4.5,0.0,353.0,65.0,3.12
172769,"Muffins, oat bran",Baked Products,SR Legacy,270.0,7.0,48.3,7.4,4.6,0.0,393.0,63.0,4.2
168873,"Oat bran, cooked",Cereal Grains and Pasta,SR Legacy,40.0,3.21,11.4,0.86,2.6,0.0,1.0,10.0,0.88
168872,"Oat bran, raw",Cereal Grains and Pasta,SR Legacy,246.0,17.3,66.2,7.03,15.4,0.0,4.0,58.0,5.41
174626,"Cereals, QUAKER, Oat Bran, QUAKER/MOTHER'S Oat Bran, dry",Breakfast Cereals,SR Legacy,1520.0,17.0,62.9,7.97,14.3,0.0,5.0,79.0,8.07
172677,"Bread, oat bran, toasted",Baked Products,SR Legacy,259.0,11.4,43.7,4.8,4.9,0.0,387.0,71.0,3.43
169741,"Oat flour, partially debranned",Cereal Grains and Pasta,SR Legacy,1690.0,14.7,65.7,9.12,6.5,0.0,19.0,55.0,4.0
175028,"Rolls, dinner, oat bran",Baked Products,SR Legacy,236.0,9.5,40.2,4.6,4.1,0.0,413.0,85.0,4.14
172978,"Cereals, Oat Bran, QUAKER, QUAKER/MOTHER'S Oat Bran, prepared with water, salt",Breakfast Cereals,SR Legacy,43.0,2.03,7.49,0.95,1.7,0.0,46.0,11.0,0.97
174627,"Cereals, QUAKER, Oat Bran, QUAKER/MOTHER'S Oat Bran, prepared with water, no salt",Breakfast Cereals,SR Legacy,43.0,2.03,7.49,0.95,1.7,0.0,3.0,11.0,0.97
173904,"Cereals, oats, regular and quick, not fortified, dry",Breakfast Cereals,SR Legacy,1590.0,13.2,67.7,6.52,10.1,0.0,6.0,52.0,4.25
172682,"Bread, reduced-calorie, oat bran",Baked Products,SR Legacy,201.0,8.0,41.3,3.2,12.0,0.0,459.0,57.0,3.15
172989,"Cereals, QUAKER, Quick Oats, Dry",Breakfast Cereals,SR Legacy,371.0,13.7,68.2,6.87,9.4,0.0,3.0,47.0,4.64
174640,"Cereals, QUAKER, Quick Oats with Iron, Dry",Breakfast Cereals,SR Legacy,1550.0,13.7,68.2,6.87,9.4,0.0,3.0,47.0,49.4
172683,"Bread, reduced-calorie, oat bran, toasted",Baked Products,SR Legacy,239.0,9.5,49.2,3.8,14.3,0.0,547.0,68.0,3.75
171661,"Cereals, oats, instant, fortified, plain, dry",Breakfast Cereals,SR Legacy,1520.0,11.9,69.5,6.9,10.0,0.0,220.0,351.0,24.7
169039,"Cereals ready-to-eat, frosted oat cereal with marshmallows",Breakfast Cereals,SR Legacy,400.0,7.1,84.7,3.33,4.3,0.0,533.0,333.0,15.0
171664,"Cereals, oats, instant, fortified, with cinnamon and spice, dry",Breakfast Cereals,SR Legacy,1540.0,9.53,76.1,4.84,8.0,0.0,434.0,234.0,8.46
173149,"Formulated bar, high fiber, chewy, oats and chocolate",Snacks,SR Legacy,389.0,5.0,69.8,10.0,22.5,0.0,237.0,250.0,0.9
169705,Oats (Includes foods for USDA's Food Distribution Program),Cereal Grains and Pasta,SR Legacy,389.0,16.9,66.3,6.9,10.6,0.0,2.0,54.0,4.72
167725,"Cereals ready-to-eat, OAT BRAN FLAKES, HEALTH VALLEY",Breakfast Cereals,SR Legacy,380.0,10.0,78.0,3.0,8.0,0.0,380.0,80.0,2.88
169859,"Cereals ready-to-eat, POST, HONEY BUNCHES OF OATS, with almonds",Breakfast Cereals,SR Legacy,1710.0,7.7,79.6,7.3,5.5,0.0,417.0,35.0,33.8
173921,"Cereals ready-to-eat, QUAKER WHOLE HEARTS oat cereal",Breakfast Cereals,SR Legacy,376.0,7.63,80.1,5.61,9.1,0.0,554.0,0.0,32.1
174632,"Cereals ready-to-eat, QUAKER, MOTHER'S Cinnamon Oat Crunch",Breakfast Cereals,SR Legacy,382.0,10.6,79.8,4.56,8.1,0.0,275.0,50.0,3.24
174620,"Cereals ready-to-eat, QUAKER, QUAKER OAT CINNAMON LIFE",Breakfast Cereals,SR Legacy,374.0,9.14,79.0,4.1,6.3,0.0,463.0,387.0,23.2
173891,"Cereals ready-to-eat, QUAKER, QUAKER OAT LIFE, plain",Breakfast Cereals,SR Legacy,374.0,9.98,77.7,4.43,6.6,0.0,501.0,351.0,29.3
173920,"Cereals, oats, instant, fortified, maple and brown sugar, dry",Breakfast Cereals,SR Legacy,1620.0,9.25,76.7,4.73,7.2,0.0,505.0,258.0,10.4
173906,"Cereals, oats, instant, fortified, with cinnamon and spice, prepared with water",Breakfast Cereals,SR Legacy,96.0,2.37,19.0,1.21,2.0,0.0,111.0,61.0,2.11
173908,"Cereals, oats, instant, fortified, with raisins and spice, prepared with water",Breakfast Cereals,SR Legacy,369.0,1.98,17.9,0.95,1.3,0.0,111.0,56.0,2.21
173659,"Beverages, drink mix, QUAKER OATS, GATORADE, orange flavor, powder",Beverages,SR Legacy,388.0,0.0,94.1,1.23,0.0,0.0,63.0,40.0,0.34
169063,"Breakfast bars, oats, sugar, raisins, coconut (include granola bar)",Snacks,SR Legacy,1940.0,9.8,66.7,17.6,3.1,0.0,251.0,60.0,3.18
171679,"Cereals ready-to-eat, MALT-O-MEAL, OAT BLENDERS with honey",Breakfast Cereals,SR Legacy,396.0,6.78,84.9,4.17,5.0,0.0,515.0,23.0,27.0
173020,"Cereals ready-to-eat, POST HONEY BUNCHES OF OATS with cinnamon bunches",Breakfast Cereals,SR Legacy,1670.0,7.1,82.8,5.0,5.8,0.0,464.0,36.0,28.0
173015,"Cereals ready-to-eat, POST, HONEY BUNCHES OF OATS with vanilla bunches",Breakfast Cereals,SR Legacy,1650.0,7.9,81.8,5.1,7.8,0.0,267.0,33.0,28.9
168138,"Cereals ready-to-eat, POST, HONEY BUNCHES OF OATS, honey roasted",Breakfast Cereals,SR Legacy,401.0,7.12,81.2,5.46,4.2,0.0,454.0,23.0,34.8
174663,"Cereals ready-to-eat, POST, HONEY BUNCHES OF OATS, pecan bunches",Breakfast Cereals,SR Legacy,399.0,7.0,82.0,5.4,5.2,0.0,483.0,19.0,15.5
173019,"Cereals ready-to-eat, POST, HONEY BUNCHES OF OATS, with real strawberries",Breakfast Cereals,SR Legacy,1670.0,6.7,83.3,4.9,5.4,0.0,410.0,26.0,26.1
172986,"Cereals ready-to-eat, QUAKER, MOTHER'S Toasted Oat Bran cereal",Breakfast Cereals,SR Legacy,1560.0,11.4,75.4,5.04,8.6,0.0,653.0,58.0,4.07
171680,"Cereals ready-to-eat, MALT-O-MEAL, OAT BLENDERS with honey & almonds",Breakfast Cereals,SR Legacy,1590.0,7.8,77.3,4.88,6.1,0.0,453.0,33.0,41.4
173892,"Cereals ready-to-eat, QUAKER, 100% Natural Granola, Oats, Wheat and Honey",Breakfast Cereals,SR Legacy,1760.0,10.6,73.6,11.6,10.2,0.0,50.0,109.0,2.81
171662,"Cereals, oats, instant, fortified, plain, prepared with water (boiling water added or microwaved)",Breakfast Cereals,SR Legacy,283.0,2.37,11.7,1.36,1.7,0.0,49.0,80.0,5.96
173134,"Formulated bar, MARS SNACKFOOD US, SNICKERS MARATHON Honey Nut Oat Bar",Snacks,SR Legacy,381.0,22.5,55.1,7.87,11.0,0.0,318.0,0.0,18.2
172975,"Cereals ready-to-eat, QUAKER, QUAKER 100% Natural Granola with Oats, Wheat, Honey, and Raisins",Breakfast Cereals,SR Legacy,1720.0,9.66,74.7,10.4,9.4,0.0,54.0,101.0,2.69
171675,"Cereals, oats, regular and quick and instant, unenriched, cooked with water (includes boiling and microwaving), with salt",Breakfast Cereals,SR Legacy,71.0,2.54,12.0,1.52,1.7,0.0,71.0,9.0,0.9
168917,"Quinoa, cooked",Cereal Grains and Pasta,SR Legacy,120.0,4.4,21.3,1.92,2.8,0.0,7.0,17.0,1.49
168874,"Quinoa, uncooked",Cereal Grains and Pasta,SR Legacy,1540.0,14.1,64.2,6.07,7.0,0.0,5.0,47.0,4.57
174916,"Bread, pita, whole-wheat",Baked Products,SR Legacy,1100.0,9.8,55.9,1.71,6.1,0.0,421.0,15.0,3.06
174091,"Bread, french or vienna, whole wheat",Baked Products,SR Legacy,239.0,8.33,49.1,1.04,4.2,0.0,375.0,42.0,0.75
172688,"Bread, whole-wheat, commercially prepared",Baked Products,SR Legacy,1060.0,12.4,42.7,3.5,6.0,0.0,455.0,161.0,2.47
172689,"Bread, whole-wheat, commercially prepared, toasted",Baked Products,SR Legacy,306.0,16.3,51.2,4.07,7.5,0.0,565.0,130.0,2.96
172690,"Bread, whole-wheat, prepared from recipe",Baked Products,SR Legacy,278.0,8.4,51.4,5.4,6.0,0.0,346.0,33.0,3.1
172686,"Bread, wheat",Baked Products,SR Legacy,274.0,10.7,47.5,4.53,4.0,0.0,473.0,125.0,3.6
174077,"Bread, naan, whole wheat, commercially prepared, refrigerated",Baked Products,SR Legacy,286.0,10.2,46.2,6.7,4.8,0.0,467.0,59.0,1.73
174076,"Bread, paratha, whole wheat, commercially prepared, frozen",Baked Products,SR Legacy,1360.0,6.36,45.4,13.2,9.6,0.0,452.0,25.0,1.61
172691,"Bread, whole-wheat, prepared from recipe, toasted",Baked Products,SR Legacy,305.0,9.2,56.4,5.9,6.7,0.0,381.0,36.0,3.4
172672,"Bread, cracked-wheat",Baked Products,SR Legacy,260.0,8.7,49.5,3.9,5.5,0.0,538.0,43.0,2.81
171850,"Bread, wheat, sprouted",Baked Products,SR Legacy,188.0,13.2,33.9,0.0,5.3,0.0,474.0,0.0,1.89
172687,"Bread, wheat, toasted",Baked Products,SR Legacy,1310.0,13.0,55.8,4.27,4.7,0.0,601.0,165.0,4.09
167532,"Bread, white wheat",Baked Products,SR Legacy,994.0,10.7,43.9,2.15,9.2,0.0,478.0,684.0,4.89
174075,"Bread, chapati or roti, whole wheat, commercially prepared, frozen",Baked Products,SR Legacy,299.0,7.85,46.1,9.2,9.7,0.0,298.0,36.0,2.2
172749,"Crackers, whole-wheat",Baked Products,SR Legacy,427.0,10.6,69.6,14.1,10.3,0.0,800.0,36.0,3.34
168944,"Wheat flour, whole-grain, soft wheat",Cereal Grains and Pasta,SR Legacy,332.0,9.61,74.5,1.95,13.1,0.0,3.0,33.0,3.71
174921,"Bread, reduced-calorie, wheat",Baked Products,SR Legacy,907.0,13.3,42.5,2.92,11.1,0.0,332.0,163.0,2.91
171851,"Bread, wheat, sprouted, toasted",Baked Products,SR Legacy,856.0,14.3,36.8,0.0,5.7,0.0,515.0,0.0,2.06
168913,"Wheat flours, bread, unenriched",Cereal Grains and Pasta,SR Legacy,361.0,12.0,72.5,1.66,2.4,0.0,2.0,15.0,0.9
172742,"Crackers, matzo, whole-wheat",Baked Products,SR Legacy,351.0,13.1,78.9,1.5,11.8,0.0,2.0,23.0,4.65
790085,"Flour, whole wheat, unenriched",Cereal Grains and Pasta,Foundation,1550.0,15.1,71.2,2.73,10.6,0.0,3.0,38.0,3.86
172762,"Muffins, English, whole-wheat",Baked Products,SR Legacy,203.0,8.8,40.4,2.1,6.7,0.0,364.0,265.0,2.45
172794,"Rolls, dinner, whole-wheat",Baked Products,SR Legacy,266.0,8.7,51.1,4.7,7.5,0.0,521.0,106.0,2.42
168896,"Wheat flour, white, bread, enriched",Cereal Grains and Pasta,SR Legacy,1510.0,12.0,72.5,1.66,2.4,0.0,2.0,15.0,4.41
172823,"Crackers, whole-wheat, low salt",Baked Products,SR Legacy,443.0,8.8,68.6,17.2,10.5,0.0,186.0,50.0,3.08
167933,"Crackers, whole-wheat, reduced fat",Baked Products,SR Legacy,416.0,11.3,75.5,7.59,10.9,0.0,745.0,39.0,3.56
171846,"Crackers, standard snack-type, with whole wheat",Baked Products,SR Legacy,463.0,7.29,68.4,17.8,4.9,0.0,748.0,167.0,3.65
171853,"Pancakes, whole wheat, dry mix, incomplete",Baked Products,SR Legacy,350.0,10.5,74.1,1.32,7.9,0.0,1630.0,158.0,7.11
172776,"Pancakes, whole-wheat, dry mix, incomplete",Baked Products,SR Legacy,344.0,12.8,71.0,1.5,0.0,0.0,1420.0,449.0,7.84
174090,"Rolls, hamburger or hot dog, whole wheat",Baked Products,SR Legacy,269.0,12.4,44.9,4.38,6.1,0.0,477.0,198.0,2.42
174081,"Tortillas, ready-to-bake or -fry, whole wheat",Baked Products,SR Legacy,1300.0,9.76,45.9,9.76,9.8,0.0,617.0,244.0,2.63
171359,"Babyfood, cereal, whole wheat, with apples, dry fortified",Baby Foods,SR Legacy,1680.0,6.6,83.2,4.8,6.7,0.0,66.0,600.0,45.0
174641,"Cereals, QUAKER, Whole Wheat Natural Cereal, dry",Breakfast Cereals,SR Legacy,1390.0,11.8,74.8,2.0,9.9,0.0,8.0,44.0,3.3
171667,"Cereals, whole wheat hot natural cereal, dry",Breakfast Cereals,SR Legacy,1430.0,11.2,75.2,2.0,9.5,0.0,2.0,40.0,3.39
167942,"Crackers, saltines, whole wheat (includes multi-grain)",Baked Products,SR Legacy,1660.0,7.14,68.2,10.7,6.7,0.0,1210.0,0.0,5.14
175010,"Pancakes, whole-wheat, dry mix, incomplete, prepared",Baked Products,SR Legacy,208.0,8.5,29.4,6.5,2.8,0.0,572.0,250.0,3.11
174085,"Waffles, whole wheat, lowfat, frozen, ready-to-heat",Baked Products,SR Legacy,257.0,7.14,49.2,3.57,4.3,0.0,557.0,143.0,6.43
168013,"Bread, multi-grain (includes whole-grain)",Baked Products,SR Legacy,1110.0,13.4,43.3,4.23,7.4,0.0,381.0,103.0,2.5
168009,"Schar, Gluten-Free, Wheat-Free, Classic White Bread",Baked Products,SR Legacy,240.0,3.81,46.1,4.47,5.1,0.0,441.0,159.0,3.17
174914,"Bread, multi-grain, toasted (includes whole-grain)",Baked Products,SR Legacy,288.0,14.5,47.1,4.6,8.1,0.0,414.0,111.0,2.72
170795,"School Lunch, chicken nuggets, whole grain breaded",Fast Foods,SR Legacy,270.0,15.7,22.9,12.9,2.2,0.0,511.0,32.0,1.99
170794,"School Lunch, chicken patty, whole grain breaded",Fast Foods,SR Legacy,1030.0,17.6,12.5,13.9,2.3,0.0,467.0,34.0,3.77
171677,"Cereals, whole wheat hot natural cereal, cooked with water, with salt",Breakfast Cereals,SR Legacy,259.0,2.0,13.7,0.4,1.6,0.0,233.0,7.0,0.62
167965,"Snacks, pretzels, hard, whole-wheat including both salted and unsalted",Snacks,SR Legacy,1510.0,11.1,81.3,2.6,7.7,0.0,203.0,28.0,2.69
167599,"Udi's, Gluten Free, Soft & Hearty Whole Grain Bread",Baked Products,SR Legacy,1300.0,7.25,49.1,9.34,4.9,0.0,510.0,60.0,0.76
171668,"Cereals, whole wheat hot natural cereal, cooked with water, without salt",Breakfast Cereals,SR Legacy,259.0,2.0,13.7,0.4,1.6,0.0,0.0,7.0,0.62
167943,"Bread, potato",Baked Products,SR Legacy,266.0,12.5,47.1,3.13,6.3,0.0,375.0,188.0,2.25
168446,Potato flour,Vegetables and Vegetable Products,SR Legacy,1490.0,6.9,83.1,0.34,5.9,0.0,55.0,65.0,1.38
170092,Potato pancakes,Vegetables and Vegetable Products,SR Legacy,1120.0,6.08,27.8,14.8,3.3,0.0,764.0,32.0,1.67
173508,"Babyfood, potatoes, toddler",Baby Foods,SR Legacy,52.0,1.0,11.7,0.1,0.9,0.0,57.0,4.0,0.2
170032,"Potatoes, raw, skin",Vegetables and Vegetable Products,SR Legacy,58.0,2.57,12.4,0.1,2.5,0.0,10.0,30.0,3.24
168854,"Snacks, potato sticks",Snacks,SR Legacy,522.0,6.7,53.3,34.4,3.4,0.0,633.0,18.0,2.27
168853,"Snack, potato chips, made from dried potatoes, plain",Snacks,SR Legacy,545.0,4.62,55.4,35.3,2.9,0.0,529.0,17.0,0.8
174804,"Snacks, potato chips, made from dried potatoes (preformed), multigrain",Snacks,SR Legacy,505.0,5.3,65.3,24.7,2.7,0.0,544.0,26.0,0.85
169678,"Snacks, potato chips, made from dried potatoes, cheese-flavor",Snacks,SR Legacy,551.0,7.0,50.6,37.0,3.4,0.0,600.0,110.0,1.6
167553,"Snacks, potato chips, made from dried potatoes, reduced fat",Snacks,SR Legacy,502.0,4.56,64.8,26.1,3.2,0.0,450.0,29.0,1.11
170699,"Fast foods, potato, mashed",Fast Foods,SR Legacy,89.0,1.65,14.6,2.82,1.3,0.0,306.0,18.0,0.31
170047,"Potato puffs, frozen, unprepared",Vegetables and Vegetable Products,SR Legacy,746.0,1.93,24.8,8.71,2.3,0.0,428.0,13.0,0.47
169269,"Potato salad, home-prepared",Vegetables and Vegetable Products,SR Legacy,143.0,2.68,11.2,8.2,1.3,0.0,529.0,19.0,0.65
170112,"Potatoes, baked, flesh, with salt",Vegetables and Vegetable Products,SR Legacy,390.0,1.96,21.6,0.1,1.5,0.0,241.0,5.0,0.35
170444,"Potatoes, canned, drained solids",Vegetables and Vegetable Products,SR Legacy,60.0,1.41,13.6,0.21,2.3,0.0,219.0,5.0,1.26
170443,"Potatoes, canned, solids and liquids",Vegetables and Vegetable Products,SR Legacy,44.0,1.2,9.89,0.11,1.4,0.0,217.0,39.0,0.72
170026,"Potatoes, flesh and skin, raw",Vegetables and Vegetable Products,SR Legacy,322.0,2.05,17.5,0.09,2.1,0.0,6.0,12.0,0.81
169768,"Potatoes, mashed, ready-to-eat",Vegetables and Vegetable Products,SR Legacy,444.0,1.97,13.3,5.01,1.9,0.0,298.0,34.0,0.27
170454,"Potatoes, o'brien, frozen, prepared",Vegetables and Vegetable Products,SR Legacy,204.0,2.22,21.9,13.2,1.7,0.0,43.0,20.0,0.96
170453,"Potatoes, o'brien, frozen, unprepared",Vegetables and Vegetable Products,SR Legacy,76.0,1.83,17.5,0.14,1.9,0.0,33.0,13.0,1.03
170498,"Potatoes, o'brien, home-prepared",Vegetables and Vegetable Products,SR Legacy,81.0,2.35,15.5,1.28,0.0,0.0,217.0,36.0,0.47
169303,"Sweet potato leaves, raw",Vegetables and Vegetable Products,SR Legacy,42.0,2.49,8.82,0.51,5.3,0.0,6.0,78.0,0.97
169305,"Sweet potato, canned, mashed",Vegetables and Vegetable Products,SR Legacy,421.0,1.98,23.2,0.2,1.7,0.0,75.0,30.0,1.33
168864,"Snacks, potato chips, made from dried potatoes, fat-free, made with olestra",Snacks,SR Legacy,253.0,5.06,56.0,0.93,7.3,0.0,429.0,20.0,1.14
167554,"Snacks, potato chips, made from dried potatoes, sour-cream and onion-flavor",Snacks,SR Legacy,547.0,6.6,51.3,37.0,1.2,0.0,541.0,64.0,1.4
172317,"Babyfood, corn and sweet potatoes, strained",Baby Foods,SR Legacy,287.0,1.26,15.2,0.28,1.8,0.0,14.0,18.0,0.31
169042,"Babyfood, juice, apple-sweet potato",Baby Foods,SR Legacy,47.0,0.3,11.4,0.1,0.5,0.0,5.0,15.0,0.3
173504,"Babyfood, vegetable, green beans and potatoes",Baby Foods,SR Legacy,62.0,2.2,9.0,1.9,1.4,0.0,18.0,60.0,0.5
172276,"Babyfood, vegetables, sweet potatoes strained",Baby Foods,SR Legacy,57.0,1.1,13.2,0.1,1.5,0.0,22.0,16.0,0.37
172277,"Babyfood, vegetables, sweet potatoes, junior",Baby Foods,SR Legacy,60.0,1.1,14.0,0.1,1.5,0.0,18.0,16.0,0.39
167656,Corned beef and potatoes in tortilla (Apache),American Indian/Alaska Native Foods,SR Legacy,224.0,7.91,29.4,8.31,1.5,0.0,511.0,27.0,1.8
169779,"Dumpling, potato- or cheese-filled, frozen","Meals, Entrees, and Side Dishes",SR Legacy,815.0,5.26,29.6,6.14,0.9,0.0,474.0,35.0,1.26
170048,"Potato puffs, frozen, oven-heated",Vegetables and Vegetable Products,SR Legacy,192.0,2.13,27.3,9.05,2.0,0.0,463.0,14.0,0.58
171608,"Potato soup, instant, dry mix","Soups, Sauces, and Gravies",SR Legacy,343.0,9.2,76.1,3.1,7.6,0.0,2400.0,172.0,2.38
170111,"Potatoes, baked, flesh and skin, with salt",Vegetables and Vegetable Products,SR Legacy,390.0,2.5,21.2,0.13,2.2,0.0,10.0,15.0,1.08
170033,"Potatoes, baked, flesh, without salt",Vegetables and Vegetable Products,SR Legacy,390.0,1.96,21.6,0.1,1.5,0.0,5.0,5.0,0.35
170113,"Potatoes, baked, skin only, with salt",Vegetables and Vegetable Products,SR Legacy,198.0,4.29,46.1,0.1,7.9,0.0,257.0,34.0,7.04
170034,"Potatoes, baked, skin, without salt",Vegetables and Vegetable Products,SR Legacy,198.0,4.29,46.1,0.1,7.9,0.0,21.0,34.0,7.04
170435,"Potatoes, red, flesh and skin, baked",Vegetables and Vegetable Products,SR Legacy,362.0,2.3,19.6,0.15,1.8,0.0,12.0,9.0,0.7
170029,"Potatoes, red, flesh and skin, raw",Vegetables and Vegetable Products,SR Legacy,70.0,1.89,15.9,0.14,1.7,0.0,18.0,10.0,0.73
170030,"Potatoes, Russet, flesh and skin, baked",Vegetables and Vegetable Products,SR Legacy,397.0,2.63,21.4,0.13,2.3,0.0,14.0,18.0,1.07
170449,"Potatoes, scalloped, dry mix, unprepared",Vegetables and Vegetable Products,SR Legacy,358.0,7.77,73.9,4.59,8.6,0.0,1580.0,62.0,2.01
174783,"Snacks, sweet potato chips, unsalted",Snacks,SR Legacy,532.0,2.94,56.8,32.4,8.8,0.0,35.0,59.0,2.12
168016,"Sweet Potato puffs, frozen, unprepared",Vegetables and Vegetable Products,SR Legacy,161.0,1.36,30.7,3.58,1.9,0.0,250.0,57.0,0.4
168485,"Sweet potato, canned, vacuum pack",Vegetables and Vegetable Products,SR Legacy,91.0,1.65,21.1,0.2,1.8,0.0,53.0,22.0,0.89
173521,"Babyfood, dinner, sweet potatoes and chicken, strained",Baby Foods,SR Legacy,310.0,2.51,11.0,2.17,1.3,0.0,22.0,30.0,0.45
170952,"Babyfood, fruit and vegetable, apple and sweet potato",Baby Foods,SR Legacy,269.0,0.3,15.3,0.22,1.4,0.0,3.0,8.0,0.2
170133,"Sweet potato leaves, cooked, steamed, with salt",Vegetables and Vegetable Products,SR Legacy,144.0,2.18,7.38,0.34,1.9,0.0,249.0,33.0,0.63
168484,"Sweet potato, cooked, boiled, without skin",Vegetables and Vegetable Products,SR Legacy,320.0,1.37,17.7,0.14,2.5,0.0,27.0,27.0,0.72
170088,"Sweet potato, cooked, candied, home-prepared",Vegetables and Vegetable Products,SR Legacy,686.0,0.89,32.1,3.54,2.1,0.0,119.0,26.0,0.79
170542,"Sweet potato, frozen, cooked, baked, with salt",Vegetables and Vegetable Products,SR Legacy,419.0,1.71,23.4,0.12,1.8,0.0,244.0,35.0,0.54
169304,"Sweet potato leaves, cooked, steamed, without salt",Vegetables and Vegetable Products,SR Legacy,144.0,2.18,7.38,0.34,1.9,0.0,7.0,33.0,0.63
170084,"Sweet potato, canned, syrup pack, drained solids",Vegetables and Vegetable Products,SR Legacy,454.0,1.28,25.4,0.32,3.0,0.0,39.0,17.0,0.95
170083,"Sweet potato, canned, syrup pack, solids and liquids",Vegetables and Vegetable Products,SR Legacy,372.0,0.98,20.9,0.2,2.5,0.0,29.0,15.0,0.8
170134,"Sweet potato, cooked, baked in skin, flesh, with salt",Vegetables and Vegetable Products,SR Legacy,90.0,2.01,20.7,0.15,3.3,0.0,246.0,38.0,0.69
170541,"Sweet potato, cooked, boiled, without skin, with salt",Vegetables and Vegetable Products,SR Legacy,320.0,1.37,17.7,0.14,2.5,0.0,263.0,27.0,0.72
169307,"Sweet potato, frozen, cooked, baked, without salt",Vegetables and Vegetable Products,SR Legacy,100.0,1.71,23.4,0.12,1.8,0.0,8.0,35.0,0.54
168015,"Sweet Potatoes, french fried, crosscut, frozen, unprepared",Vegetables and Vegetable Products,SR Legacy,874.0,1.7,25.5,11.1,3.4,0.0,214.0,39.0,0.44
168483,"Sweet potato, cooked, baked in skin, flesh, without salt",Vegetables and Vegetable Products,SR Legacy,378.0,2.01,20.7,0.15,3.3,0.0,36.0,38.0,0.69
167606,"Sweet Potatoes, french fried, frozen as packaged, salt added in processing",Vegetables and Vegetable Products,SR Legacy,762.0,2.16,35.6,8.92,5.7,0.0,146.0,52.0,0.77
169306,"Sweet potato, frozen, unprepared (Includes foods for USDA's Food Distribution Program)",Vegetables and Vegetable Products,SR Legacy,401.0,1.71,22.2,0.18,1.7,0.0,6.0,37.0,0.53
168482,"Sweet potato, raw, unprepared (Includes foods for USDA's Food Distribution Program)",Vegetables and Vegetable Products,SR Legacy,86.0,1.57,20.1,0.05,3.0,0.0,55.0,30.0,0.61
167977,"Candies, sweet chocolate",Sweets,SR Legacy,507.0,3.9,60.4,34.2,5.5,0.0,16.0,24.0,2.76
171719,"Cherries, sweet, raw",Fruits and Fruit Juices,SR Legacy,63.0,1.06,16.0,0.2,2.1,0.0,0.0,13.0,0.36
170008,"Onions, sweet, raw",Vegetables and Vegetable Products,SR Legacy,133.0,0.8,7.55,0.08,0.9,0.0,8.0,20.0,0.26
168561,"Pickle relish, sweet",Vegetables and Vegetable Products,SR Legacy,130.0,0.37,35.1,0.47,1.1,0.0,811.0,3.0,0.87
174107,"Rolls, dinner, sweet",Baked Products,SR Legacy,321.0,10.0,53.6,7.37,3.1,0.0,253.0,62.0,2.74
175033,"Sweet rolls, cheese",Baked Products,SR Legacy,360.0,7.1,43.7,18.3,1.2,0.0,357.0,118.0,0.76
171283,"Whey, sweet, dried",Dairy and Egg Products,SR Legacy,1480.0,12.9,74.5,1.07,0.0,0.0,1080.0,796.0,0.88
171282,"Whey, sweet, fluid",Dairy and Egg Products,SR Legacy,112.0,0.85,5.14,0.36,0.0,0.0,54.0,47.0,0.06
168538,"Corn, sweet, white, raw",Vegetables and Vegetable Products,SR Legacy,86.0,3.22,19.0,1.18,2.7,0.0,15.0,2.0,0.52
169998,"Corn, sweet, yellow, raw",Vegetables and Vegetable Products,SR Legacy,86.0,3.27,18.7,1.35,2.0,0.0,15.0,2.0,0.52
747447,"Broccoli, raw",Vegetables and Vegetable Products,Foundation,31.0,2.57,6.27,0.34,2.4,0.0,36.0,46.0,0.69
170379,"Broccoli, raw",Vegetables and Vegetable Products,SR Legacy,34.0,2.82,6.64,0.37,2.6,0.0,33.0,47.0,0.73
170382,"Broccoli raab, cooked",Vegetables and Vegetable Products,SR Legacy,104.0,3.83,3.12,0.52,2.8,0.0,56.0,118.0,1.27
170381,"Broccoli raab, raw",Vegetables and Vegetable Products,SR Legacy,92.0,3.17,2.85,0.49,2.7,0.0,33.0,108.0,2.14
169392,"Broccoli, chinese, cooked",Vegetables and Vegetable Products,SR Legacy,22.0,1.14,3.81,0.72,2.5,0.0,7.0,100.0,0.56
169404,"Broccoli, chinese, raw",Vegetables and Vegetable Products,SR Legacy,26.0,1.2,4.67,0.76,2.6,0.0,7.0,105.0,0.59
169329,"Broccoli, leaves, raw",Vegetables and Vegetable Products,SR Legacy,28.0,2.98,5.06,0.35,2.3,0.0,27.0,48.0,0.88
169331,"Broccoli, stalks, raw",Vegetables and Vegetable Products,SR Legacy,28.0,2.98,5.24,0.35,0.0,0.0,27.0,48.0,0.88
169330,"Broccoli, flower clusters, raw",Vegetables and Vegetable Products,SR Legacy,28.0,2.98,5.06,0.35,2.3,0.0,27.0,48.0,0.88
169968,"Broccoli, frozen, chopped, unprepared",Vegetables and Vegetable Products,SR Legacy,26.0,2.81,4.78,0.29,3.0,0.0,24.0,56.0,0.81
172288,"Babyfood, dinner, broccoli and chicken, junior",Baby Foods,SR Legacy,259.0,3.59,6.34,2.48,1.4,0.0,17.0,37.0,0.52
168510,"Broccoli, cooked, boiled, drained, with salt",Vegetables and Vegetable Products,SR Legacy,146.0,2.38,7.18,0.41,3.3,0.0,262.0,40.0,0.67
170989,"Babyfood, mashed cheddar potatoes and broccoli, toddlers",Baby Foods,SR Legacy,48.0,1.11,7.47,1.47,1.2,0.0,176.0,20.0,0.16
169967,"Broccoli, cooked, boiled, drained, without salt",Vegetables and Vegetable Products,SR Legacy,146.0,2.38,7.18,0.41,3.3,0.0,41.0,40.0,0.67
171178,"Soup, broccoli cheese, canned, condensed, commercial","Soups, Sauces, and Gravies",SR Legacy,87.0,2.1,7.7,5.3,1.8,0.0,661.0,41.0,0.3
168511,"Broccoli, frozen, chopped, cooked, boiled, drained, with salt",Vegetables and Vegetable Products,SR Legacy,28.0,3.1,5.35,0.12,3.0,0.0,260.0,33.0,0.61
168512,"Broccoli, frozen, spears, cooked, boiled, drained, with salt",Vegetables and Vegetable Products,SR Legacy,28.0,3.1,5.35,0.11,3.0,0.0,260.0,51.0,0.61
169969,"Broccoli, frozen, chopped, cooked, boiled, drained, without salt",Vegetables and Vegetable Products,SR Legacy,28.0,3.1,5.35,0.12,3.0,0.0,11.0,33.0,0.61
170380,"Broccoli, frozen, spears, cooked, boiled, drained, without salt",Vegetables and Vegetable Products,SR Legacy,116.0,3.1,5.36,0.11,3.0,0.0,24.0,51.0,0.61
169970,"Broccoli, frozen, spears, unprepared (Includes foods for USDA's Food Distribution Program)",Vegetables and Vegetable Products,SR Legacy,29.0,3.06,5.35,0.34,3.0,0.0,17.0,41.0,0.72
173326,"HOT POCKETS, CROISSANT POCKETS Chicken, Broccoli, and Cheddar Stuffed Sandwich, frozen","Meals, Entrees, and Side Dishes",SR Legacy,235.0,8.9,30.4,8.6,1.1,0.0,346.0,152.0,2.97
170494,Spinach souffle,Vegetables and Vegetable Products,SR Legacy,172.0,7.89,5.9,13.0,0.7,0.0,566.0,165.0,1.19
168462,"Spinach, raw",Vegetables and Vegetable Products,SR Legacy,97.0,2.86,3.63,0.39,2.2,0.0,79.0,99.0,2.71
169400,"Malabar spinach, cooked",Vegetables and Vegetable Products,SR Legacy,23.0,2.98,2.71,0.78,2.1,0.0,55.0,124.0,1.48
168912,"Spaghetti, spinach, cooked",Cereal Grains and Pasta,SR Legacy,130.0,4.58,26.2,0.63,0.0,0.0,14.0,30.0,1.04
168911,"Spaghetti, spinach, dry",Cereal Grains and Pasta,SR Legacy,372.0,13.4,74.8,1.57,10.6,0.0,36.0,58.0,2.13
168438,"Mustard spinach, (tendergreen), raw",Vegetables and Vegetable Products,SR Legacy,22.0,2.2,3.9,0.3,2.8,0.0,21.0,210.0,1.5
168440,"New Zealand spinach, raw",Vegetables and Vegetable Products,SR Legacy,14.0,1.5,2.5,0.2,1.5,0.0,130.0,58.0,0.8
170941,"Babyfood, vegetables, spinach, creamed, strained",Baby Foods,SR Legacy,37.0,2.5,5.7,1.3,1.8,0.0,49.0,89.0,0.62
169734,"Noodles, egg, spinach, enriched, cooked",Cereal Grains and Pasta,SR Legacy,132.0,5.04,24.2,1.57,2.3,0.0,12.0,19.0,1.09
169733,"Noodles, egg, spinach, enriched, dry",Cereal Grains and Pasta,SR Legacy,382.0,14.6,70.3,4.55,6.8,0.0,72.0,56.0,4.2
170531,"Spinach, cooked, boiled, drained, with salt",Vegetables and Vegetable Products,SR Legacy,23.0,2.97,3.75,0.26,2.4,0.0,306.0,136.0,3.57
170123,"Spinach, canned, no salt added, solids and liquids",Vegetables and Vegetable Products,SR Legacy,19.0,2.11,2.92,0.37,2.2,0.0,75.0,83.0,1.58
169286,"Spinach, canned, regular pack, drained solids",Vegetables and Vegetable Products,SR Legacy,23.0,2.81,3.4,0.5,2.4,0.0,322.0,127.0,2.3
169285,"Spinach, canned, regular pack, solids and liquids",Vegetables and Vegetable Products,SR Legacy,19.0,2.11,2.92,0.37,1.6,0.0,319.0,83.0,1.58
168463,"Spinach, cooked, boiled, drained, without salt",Vegetables and Vegetable Products,SR Legacy,23.0,2.97,3.75,0.26,2.4,0.0,70.0,136.0,3.57
170505,"Mustard spinach, (tendergreen), cooked, boiled, drained, with salt",Vegetables and Vegetable Products,SR Legacy,66.0,1.7,2.8,0.2,2.0,0.0,250.0,158.0,0.8
170506,"New zealand spinach, cooked, boiled, drained, with salt",Vegetables and Vegetable Products,SR Legacy,12.0,1.3,2.13,0.17,1.4,0.0,343.0,48.0,0.66
168439,"Mustard spinach, (tendergreen), cooked, boiled, drained, without salt",Vegetables and Vegetable Products,SR Legacy,16.0,1.7,2.8,0.2,2.0,0.0,14.0,158.0,0.8
168441,"New Zealand spinach, cooked, boiled, drained, without salt",Vegetables and Vegetable Products,SR Legacy,51.0,1.3,2.13,0.17,1.4,0.0,107.0,48.0,0.66
170124,"Spinach, frozen, chopped or leaf, cooked, boiled, drained, with salt",Vegetables and Vegetable Products,SR Legacy,34.0,4.01,4.8,0.87,3.7,0.0,322.0,153.0,1.96
169288,"Spinach, frozen, chopped or leaf, cooked, boiled, drained, without salt",Vegetables and Vegetable Products,SR Legacy,143.0,4.01,4.8,0.87,3.7,0.0,97.0,153.0,1.96
169287,"Spinach, frozen, chopped or leaf, unprepared (Includes foods for USDA's Food Distribution Program)",Vegetables and Vegetable Products,SR Legacy,29.0,3.63,4.21,0.57,2.9,0.0,74.0,129.0,1.89
170132,"Water convolvulus, cooked, boiled, drained, with salt",Vegetables and Vegetable Products,SR Legacy,85.0,2.08,3.7,0.24,1.9,0.0,358.0,54.0,1.32
169302,"Water convolvulus, cooked, boiled, drained, without salt",Vegetables and Vegetable Products,SR Legacy,85.0,2.08,3.7,0.24,1.9,0.0,122.0,54.0,1.32
169301,"Water convolvulus,raw",Vegetables and Vegetable Products,SR Legacy,19.0,2.6,3.13,0.2,2.1,0.0,113.0,77.0,1.67
170500,"Carrot, dehydrated",Vegetables and Vegetable Products,SR Legacy,341.0,8.1,79.6,1.49,23.6,0.0,275.0,212.0,3.93
170393,"Carrots, raw",Vegetables and Vegetable Products,SR Legacy,173.0,0.93,9.58,0.24,2.8,0.0,69.0,33.0,0.3
169871,"Babyfood, carrots, toddler",Baby Foods,SR Legacy,21.0,0.6,5.23,0.3,2.3,0.0,48.0,19.0,0.2
170491,"Carrot juice, canned",Vegetables and Vegetable Products,SR Legacy,40.0,0.95,9.28,0.15,0.8,0.0,66.0,24.0,0.46
168568,"Carrots, baby, raw",Vegetables and Vegetable Products,SR Legacy,145.0,0.64,8.24,0.13,2.9,0.0,78.0,32.0,0.89
746764,"Carrots, frozen, unprepared",Vegetables and Vegetable Products,Foundation,153.0,0.81,7.92,0.47,3.2,0.0,66.0,33.0,0.43
169043,"Babyfood, juice, orange-carrot",Baby Foods,SR Legacy,43.0,0.5,9.9,0.1,0.4,0.0,10.0,16.0,0.2
173507,"Babyfood, vegetables, carrots, junior",Baby Foods,SR Legacy,32.0,0.8,7.2,0.2,1.7,0.0,49.0,23.0,0.39
173506,"Babyfood, vegetables, carrots, strained",Baby Foods,SR Legacy,109.0,0.8,6.0,0.1,1.7,0.0,69.0,22.0,0.37
170425,"Peas and carrots, frozen, unprepared",Vegetables and Vegetable Products,SR Legacy,53.0,3.4,11.2,0.47,3.4,0.0,79.0,27.0,1.09
169339,"Carrots, cooked, boiled, drained, with salt",Vegetables and Vegetable Products,SR Legacy,147.0,0.76,8.22,0.18,3.0,0.0,302.0,30.0,0.34
171184,"SMART SOUP, Vietnamese Carrot Lemongrass","Soups, Sauces, and Gravies",SR Legacy,44.0,1.3,8.2,1.06,1.5,0.0,145.0,23.0,0.0
174932,"Cake, pudding-type, carrot, dry mix",Baked Products,SR Legacy,415.0,5.1,79.2,9.8,0.0,0.0,567.0,172.0,1.8
168518,"Carrots, canned, no salt added, drained solids",Vegetables and Vegetable Products,SR Legacy,25.0,0.64,5.54,0.19,1.5,0.0,42.0,25.0,0.64
169340,"Carrots, canned, no salt added, solids and liquids",Vegetables and Vegetable Products,SR Legacy,23.0,0.59,5.36,0.14,1.8,0.0,34.0,31.0,0.52
170396,"Carrots, canned, regular pack, drained solids",Vegetables and Vegetable Products,SR Legacy,105.0,0.64,5.54,0.19,1.5,0.0,242.0,25.0,0.64
170395,"Carrots, canned, regular pack, solids and liquids",Vegetables and Vegetable Products,SR Legacy,23.0,0.58,5.37,0.14,1.8,0.0,240.0,31.0,0.52
170394,"Carrots, cooked, boiled, drained, without salt",Vegetables and Vegetable Products,SR Legacy,35.0,0.76,8.22,0.18,3.0,0.0,58.0,30.0,0.34
168519,"Carrots, frozen, cooked, boiled, drained, with salt",Vegetables and Vegetable Products,SR Legacy,155.0,0.58,7.73,0.68,3.3,0.0,295.0,35.0,0.53
169984,"Carrots, frozen, cooked, boiled, drained, without salt",Vegetables and Vegetable Products,SR Legacy,155.0,0.58,7.73,0.68,3.3,0.0,59.0,35.0,0.53
170512,"Peas and carrots, canned, no salt added, solids and liquids",Vegetables and Vegetable Products,SR Legacy,38.0,2.17,8.48,0.27,3.3,0.0,4.0,23.0,0.75
170424,"Peas and carrots, canned, regular pack, solids and liquids",Vegetables and Vegetable Products,SR Legacy,38.0,2.17,8.48,0.27,2.0,0.0,260.0,23.0,0.75
170513,"Peas and carrots, frozen, cooked, boiled, drained, with salt",Vegetables and Vegetable Products,SR Legacy,201.0,3.09,10.1,0.42,3.1,0.0,304.0,23.0,0.94
173487,"Babyfood, GERBER, 2nd Foods, apple, carrot and squash, organic",Baby Foods,SR Legacy,266.0,1.1,14.8,0.0,1.2,0.0,20.0,6.0,0.15
170018,"Peas and carrots, frozen, cooked, boiled, drained, without salt",Vegetables and Vegetable Products,SR Legacy,48.0,3.09,10.1,0.42,3.1,0.0,68.0,23.0,0.94
169983,"Carrots, frozen, unprepared (Includes foods for USDA's Food Distribution Program)",Vegetables and Vegetable Products,SR Legacy,152.0,0.78,7.9,0.46,3.3,0.0,68.0,36.0,0.44
169085,"Vegetables, mixed (corn, lima beans, peas, green beans, carrots) canned, no salt added",Vegetables and Vegetable Products,SR Legacy,153.0,1.4,7.31,0.2,3.1,0.0,26.0,21.0,0.65
170461,Tomato powder,Vegetables and Vegetable Products,SR Legacy,302.0,12.9,74.7,0.44,16.5,0.0,134.0,166.0,4.56
170463,"Tomato products, canned, sauce, with tomato tidbits",Vegetables and Vegetable Products,SR Legacy,32.0,1.32,7.09,0.39,1.4,0.0,15.0,10.0,0.68
170051,"Tomatoes, red, ripe, canned, packed in tomato juice",Vegetables and Vegetable Products,SR Legacy,69.0,0.79,3.47,0.25,1.9,0.0,115.0,33.0,0.57
170501,"Tomatoes, crushed, canned",Vegetables and Vegetable Products,SR Legacy,32.0,1.64,7.29,0.28,1.9,0.0,186.0,34.0,1.3
321360,"Tomatoes, grape, raw",Vegetables and Vegetable Products,Foundation,113.0,0.83,5.51,0.63,2.1,0.0,6.0,11.0,0.33
170456,"Tomatoes, green, raw",Vegetables and Vegetable Products,SR Legacy,95.0,1.2,5.1,0.2,1.1,0.0,13.0,13.0,0.51
170502,"Tomatoes, orange, raw",Vegetables and Vegetable Products,SR Legacy,16.0,1.16,3.18,0.19,0.9,0.0,42.0,5.0,0.47
168567,"Tomatoes, sun-dried",Vegetables and Vegetable Products,SR Legacy,258.0,14.1,55.8,2.97,12.3,0.0,107.0,110.0,9.09
170096,"Tomatoes, yellow, raw",Vegetables and Vegetable Products,SR Legacy,15.0,0.98,2.98,0.26,0.7,0.0,23.0,11.0,0.49
170138,"Tomatoes, red, ripe, canned, packed in tomato juice, no salt added",Vegetables and Vegetable Products,SR Legacy,69.0,0.79,3.47,0.25,1.9,0.0,10.0,33.0,0.57
174547,"CAMPBELL'S, Tomato Soup, condensed","Soups, Sauces, and Gravies",SR Legacy,71.0,1.46,15.2,0.44,1.1,0.0,377.0,13.0,0.59
167704,"Salad dressing, bacon and tomato",Fats and Oils,SR Legacy,1360.0,1.8,2.0,35.0,0.2,0.0,905.0,4.0,0.27
171825,"Sauce, steak, tomato based","Soups, Sauces, and Gravies",SR Legacy,398.0,1.25,22.0,0.23,1.5,0.0,1650.0,19.0,1.37
172882,"Soup, tomato, canned, condensed","Soups, Sauces, and Gravies",SR Legacy,275.0,1.46,15.2,0.44,1.1,0.0,377.0,13.0,0.59
170054,"Tomato products, canned, sauce",Vegetables and Vegetable Products,SR Legacy,102.0,1.2,5.31,0.3,1.5,0.0,474.0,14.0,0.96
170050,"Tomatoes, red, ripe, cooked",Vegetables and Vegetable Products,SR Legacy,18.0,0.95,4.01,0.11,0.7,0.0,11.0,11.0,0.68
171882,"Beverages, Clam and tomato juice, canned",Beverages,SR Legacy,200.0,0.6,11.0,0.2,0.4,0.0,362.0,8.0,0.15
172881,"Soup, tomato bisque, canned, condensed","Soups, Sauces, and Gravies",SR Legacy,402.0,1.76,18.5,1.95,0.8,0.0,698.0,31.0,0.64
171557,"Soup, tomato rice, canned, condensed","Soups, Sauces, and Gravies",SR Legacy,389.0,1.64,17.1,2.12,1.3,0.0,635.0,18.0,0.62
171591,"Soup, tomato, low sodium, with water","Soups, Sauces, and Gravies",SR Legacy,124.0,0.79,6.57,0.28,0.6,0.0,33.0,8.0,0.54
172099,"Spaghetti, with meatballs in tomato sauce, canned","Meals, Entrees, and Side Dishes",SR Legacy,100.0,4.37,11.4,4.11,2.7,0.0,280.0,29.0,1.03
167708,"Tomato and vegetable juice, low sodium",Vegetables and Vegetable Products,SR Legacy,22.0,0.6,4.59,0.1,0.8,0.0,58.0,11.0,0.42
170458,"Tomato juice, canned, with salt added",Vegetables and Vegetable Products,SR Legacy,72.0,0.85,3.53,0.29,0.4,0.0,253.0,10.0,0.39
170055,"Tomato products, canned, sauce, with mushrooms",Vegetables and Vegetable Products,SR Legacy,146.0,1.45,8.43,0.13,1.5,0.0,452.0,13.0,0.89
170056,"Tomato products, canned, sauce, with onions",Vegetables and Vegetable Products,SR Legacy,42.0,1.56,9.94,0.19,1.8,0.0,551.0,17.0,0.93
169074,"Tomato sauce, canned, no salt added",Vegetables and Vegetable Products,SR Legacy,102.0,1.2,5.31,0.3,1.5,0.0,11.0,14.0,0.96
333281,"Tomatoes, canned, red, ripe, diced",Vegetables and Vegetable Products,Foundation,76.0,0.84,3.32,0.5,0.0,0.0,125.0,30.0,0.57
170052,"Tomatoes, red, ripe, canned, stewed",Vegetables and Vegetable Products,SR Legacy,26.0,0.91,6.19,0.19,1.0,0.0,221.0,34.0,1.33
170089,"Tomatoes, red, ripe, cooked, stewed",Vegetables and Vegetable Products,SR Legacy,79.0,1.96,13.0,2.68,1.7,0.0,455.0,26.0,1.06
170137,"Tomatoes, red, ripe, cooked, with salt",Vegetables and Vegetable Products,SR Legacy,18.0,0.95,4.01,0.11,0.7,0.0,247.0,11.0,0.68
173491,"Babyfood, dinner, macaroni and tomato and beef, junior",Baby Foods,SR Legacy,59.0,2.5,9.4,1.1,1.1,0.0,35.0,14.0,0.36
173490,"Babyfood, dinner, macaroni and tomato and beef, strained",Baby Foods,SR Legacy,61.0,2.36,9.45,1.47,1.2,0.0,38.0,17.0,0.46
173492,"Babyfood, dinner, spaghetti and tomato and meat, junior",Baby Foods,SR Legacy,285.0,2.57,11.4,1.37,1.1,0.0,30.0,15.0,0.53
173493,"Babyfood, dinner, spaghetti and tomato and meat, toddler",Baby Foods,SR Legacy,75.0,5.3,10.8,1.0,0.0,0.0,239.0,22.0,0.9
172257,"Babyfood, ravioli, cheese filled, with tomato sauce",Baby Foods,SR Legacy,99.0,3.6,16.3,2.2,0.1,0.0,282.0,54.0,0.8
173733,"Beans, baked, canned, with pork and tomato sauce",Legumes and Legume Products,SR Legacy,394.0,5.15,18.7,0.93,4.0,0.0,437.0,56.0,3.24
171595,"Sauce, tomato chili sauce, bottled, with salt","Soups, Sauces, and Gravies",SR Legacy,92.0,2.5,19.8,0.3,2.4,0.0,1340.0,20.0,0.8
171160,"Soup, tomato beef with noodle, canned, condensed","Soups, Sauces, and Gravies",SR Legacy,469.0,3.55,16.9,3.42,1.2,0.0,731.0,14.0,0.89
171587,"Soup, tomato, canned, condensed, reduced sodium","Soups, Sauces, and Gravies",SR Legacy,273.0,1.61,13.4,0.56,1.2,0.0,22.0,13.0,1.11
174569,"Soup, tomato, dry, mix, prepared with water","Soups, Sauces, and Gravies",SR Legacy,38.0,0.93,7.17,0.61,0.4,0.0,356.0,29.0,0.18
170545,"Tomato juice, canned, without salt added",Vegetables and Vegetable Products,SR Legacy,72.0,0.85,3.53,0.29,0.4,0.0,10.0,10.0,0.39
170546,"Tomato products, canned, puree, with salt added",Vegetables and Vegetable Products,SR Legacy,158.0,1.65,8.98,0.21,1.9,0.0,202.0,18.0,1.78
170085,"Tomato products, canned, sauce, spanish style",Vegetables and Vegetable Products,SR Legacy,33.0,1.44,7.24,0.27,1.4,0.0,472.0,17.0,3.48
170057,"Tomato products, canned, sauce, with herbs and cheese",Vegetables and Vegetable Products,SR Legacy,59.0,2.13,10.2,1.93,2.2,0.0,543.0,37.0,0.87
169225,"Cucumber, peeled, raw",Vegetables and Vegetable Products,SR Legacy,10.0,0.59,2.16,0.16,0.7,0.0,2.0,14.0,0.22
168409,"Cucumber, with peel, raw",Vegetables and Vegetable Products,SR Legacy,65.0,0.65,3.63,0.11,0.5,0.0,2.0,16.0,0.28
169379,"Pickles, cucumber, sour",Vegetables and Vegetable Products,SR Legacy,44.0,0.33,2.26,0.2,1.2,0.0,1210.0,0.0,0.4
324653,"Pickles, cucumber, dill or kosher dill",Vegetables and Vegetable Products,Foundation,12.0,0.48,1.99,0.43,1.0,0.0,808.0,54.0,0.23
168558,"Pickles, cucumber, dill or kosher dill",Vegetables and Vegetable Products,SR Legacy,12.0,0.5,2.41,0.3,1.0,0.0,809.0,57.0,0.26
168563,"Pickles, cucumber, dill, reduced sodium",Vegetables and Vegetable Products,SR Legacy,12.0,0.5,2.41,0.3,1.0,0.0,18.0,57.0,0.26
168562,"Pickles, cucumber, sour, low sodium",Vegetables and Vegetable Products,SR Legacy,44.0,0.33,2.26,0.2,1.2,0.0,18.0,0.0,0.4
167618,"Sea cucumber, yane (Alaska Native)",American Indian/Alaska Native Foods,SR Legacy,233.0,13.0,0.0,0.4,0.0,0.0,0.0,30.0,0.6
169378,"Pickles, cucumber, sweet (includes bread and butter pickles)",Vegetables and Vegetable Products,SR Legacy,91.0,0.58,21.2,0.41,1.0,0.0,457.0,61.0,0.25
169380,"Pickles, cucumber, sweet, low sodium (includes bread and butter pickles)",Vegetables and Vegetable Products,SR Legacy,122.0,0.37,33.7,0.26,1.1,0.0,18.0,4.0,0.59
170336,"TACO BELL, Nachos",Fast Foods,SR Legacy,1470.0,4.32,34.9,21.5,3.2,0.0,313.0,63.0,0.75
170734,"TACO BELL, Bean Burrito",Fast Foods,SR Legacy,873.0,7.35,31.2,6.05,4.2,0.0,563.0,124.0,2.37
170337,"TACO BELL, Nachos Supreme",Fast Foods,SR Legacy,223.0,6.21,21.4,12.5,3.7,0.0,348.0,47.0,1.01
170736,"TACO BELL, Taco Salad",Fast Foods,SR Legacy,710.0,6.69,15.1,9.17,3.0,0.0,363.0,95.0,1.77
170735,"TACO BELL, BURRITO SUPREME with beef",Fast Foods,SR Legacy,183.0,7.03,23.4,6.8,3.7,0.0,451.0,90.0,1.82
170334,"TACO BELL, BURRITO SUPREME with chicken",Fast Foods,SR Legacy,750.0,9.84,20.5,6.42,2.4,0.0,564.0,94.0,1.56
170335,"TACO BELL, BURRITO SUPREME with steak",Fast Foods,SR Legacy,183.0,9.13,20.3,7.27,2.4,0.0,534.0,101.0,2.0
170733,"TACO BELL, Soft Taco with steak",Fast Foods,SR Legacy,225.0,11.8,17.2,12.1,1.6,0.0,551.0,117.0,2.22
170332,"TACO BELL, Original Taco with beef, cheese and lettuce",Fast Foods,SR Legacy,229.0,8.86,19.8,12.7,3.9,0.0,397.0,89.0,1.19
170333,"TACO BELL, Soft Taco with beef, cheese and lettuce",Fast Foods,SR Legacy,860.0,9.25,20.2,9.75,2.9,0.0,560.0,123.0,1.67
170732,"TACO BELL, Soft Taco with chicken, cheese and lettuce",Fast Foods,SR Legacy,189.0,13.3,19.7,6.35,1.2,0.0,613.0,122.0,1.59
169394,"Pepper, banana, raw",Vegetables and Vegetable Products,SR Legacy,113.0,1.66,5.35,0.45,3.4,0.0,13.0,14.0,0.46
169396,"Peppers, ancho, dried",Vegetables and Vegetable Products,SR Legacy,1180.0,11.9,51.4,8.2,21.6,0.0,43.0,61.0,10.9
168578,"Peppers, hungarian, raw",Vegetables and Vegetable Products,SR Legacy,29.0,0.8,6.7,0.41,1.0,0.0,1.0,12.0,0.46
168576,"Peppers, jalapeno, raw",Vegetables and Vegetable Products,SR Legacy,29.0,0.91,6.5,0.37,2.8,0.0,3.0,12.0,0.25
168579,"Peppers, pasilla, dried",Vegetables and Vegetable Products,SR Legacy,345.0,12.4,51.1,15.8,26.8,0.0,89.0,97.0,9.83
169395,"Peppers, serrano, raw",Vegetables and Vegetable Products,SR Legacy,134.0,1.74,6.7,0.44,3.7,0.0,10.0,11.0,0.86
170933,"Spices, pepper, white",Spices and Herbs,SR Legacy,1240.0,10.4,68.6,2.12,26.2,0.0,5.0,265.0,14.3
168577,"Peppers, chili, green, canned",Vegetables and Vegetable Products,SR Legacy,21.0,0.72,4.6,0.27,1.7,0.0,397.0,36.0,1.33
169766,"Peppers, hot pickled, canned",Vegetables and Vegetable Products,SR Legacy,90.0,0.8,4.56,0.4,2.6,0.0,1430.0,61.0,0.32
170427,"Peppers, sweet, green, raw",Vegetables and Vegetable Products,SR Legacy,20.0,0.86,4.64,0.17,1.7,0.0,3.0,10.0,0.34
170024,"Peppers, sweet, green, sauteed",Vegetables and Vegetable Products,SR Legacy,116.0,0.78,4.22,11.8,1.8,0.0,17.0,8.0,0.3
170108,"Peppers, sweet, red, raw",Vegetables and Vegetable Products,SR Legacy,111.0,0.99,6.03,0.3,2.1,0.0,4.0,7.0,0.43
168550,"Peppers, sweet, red, sauteed",Vegetables and Vegetable Products,SR Legacy,555.0,1.04,6.57,12.8,1.8,0.0,21.0,7.0,0.47
169383,"Peppers, sweet, yellow, raw",Vegetables and Vegetable Products,SR Legacy,27.0,1.0,6.32,0.21,0.9,0.0,2.0,11.0,0.46
170932,"Spices, pepper, red or cayenne",Spices and Herbs,SR Legacy,1330.0,12.0,56.6,17.3,27.2,0.0,30.0,148.0,7.8
168570,"Peppers, hot chile, sun-dried",Vegetables and Vegetable Products,SR Legacy,1360.0,10.6,69.9,5.81,28.7,0.0,91.0,45.0,6.04
170497,"Peppers, hot chili, green, raw",Vegetables and Vegetable Products,SR Legacy,40.0,2.0,9.46,0.2,1.5,0.0,7.0,18.0,1.2
170106,"Peppers, hot chili, red, raw",Vegetables and Vegetable Products,SR Legacy,166.0,1.87,8.81,0.44,1.5,0.0,9.0,14.0,1.03
170080,"Peppers, jalapeno, canned, solids and liquids",Vegetables and Vegetable Products,SR Legacy,27.0,0.92,4.74,0.94,2.6,0.0,1670.0,23.0,1.88
169373,"Peppers, sweet, red, freeze-dried",Vegetables and Vegetable Products,SR Legacy,1310.0,17.9,68.7,3.0,21.3,0.0,193.0,134.0,10.4
174527,"Sauce, ready-to-serve, pepper or hot","Soups, Sauces, and Gravies",SR Legacy,11.0,0.51,1.75,0.37,0.3,0.0,2640.0,8.0,0.48
174528,"Sauce, ready-to-serve, pepper, TABASCO","Soups, Sauces, and Gravies",SR Legacy,50.0,1.29,0.8,0.76,0.6,0.0,633.0,12.0,1.16
173209,"Beverages, carbonated, pepper-type, contains caffeine",Beverages,SR Legacy,41.0,0.0,10.4,0.1,0.0,0.0,10.0,3.0,0.04
170429,"Peppers, sweet, green, canned, solids and liquids",Vegetables and Vegetable Products,SR Legacy,18.0,0.8,3.9,0.3,1.2,0.0,1370.0,41.0,0.8
170022,"Peppers, sweet, green, frozen, chopped, unprepared",Vegetables and Vegetable Products,SR Legacy,20.0,1.08,4.45,0.21,1.6,0.0,5.0,9.0,0.62
168546,"Peppers, sweet, red, canned, solids and liquids",Vegetables and Vegetable Products,SR Legacy,18.0,0.8,3.9,0.3,1.2,0.0,1370.0,41.0,0.8
168547,"Peppers, sweet, red, frozen, chopped, unprepared",Vegetables and Vegetable Products,SR Legacy,84.0,1.08,4.45,0.21,1.6,0.0,5.0,9.0,0.62
169218,"Corn with red and green peppers, canned, solids and liquids",Vegetables and Vegetable Products,SR Legacy,75.0,2.33,18.2,0.55,0.0,0.0,347.0,5.0,0.79
170109,"Peppers, sweet, green, cooked, boiled, drained, with salt",Vegetables and Vegetable Products,SR Legacy,108.0,0.92,6.11,0.2,1.2,0.0,238.0,9.0,0.46
168565,"Squash, zucchini, baby, raw",Vegetables and Vegetable Products,SR Legacy,21.0,2.71,3.11,0.4,1.1,0.0,3.0,21.0,0.79
169291,"Squash, summer, zucchini, includes skin, raw",Vegetables and Vegetable Products,SR Legacy,70.0,1.21,3.11,0.32,1.0,0.0,8.0,16.0,0.37
168471,"Squash, summer, zucchini, italian style, canned",Vegetables and Vegetable Products,SR Legacy,29.0,1.03,6.85,0.11,0.0,0.0,374.0,17.0,0.68
168469,"Squash, summer, zucchini, includes skin, frozen, unprepared",Vegetables and Vegetable Products,SR Legacy,17.0,1.16,3.58,0.13,1.3,0.0,2.0,18.0,0.51
170534,"Squash, summer, zucchini, includes skin, cooked, boiled, drained, with salt",Vegetables and Vegetable Products,SR Legacy,15.0,1.14,2.69,0.36,1.0,0.0,239.0,18.0,0.37
169292,"Squash, summer, zucchini, includes skin, cooked, boiled, drained, without salt",Vegetables and Vegetable Products,SR Legacy,15.0,1.14,2.69,0.36,1.0,0.0,3.0,18.0,0.37
170535,"Squash, summer, zucchini, includes skin, frozen, cooked, boiled, drained, with salt",Vegetables and Vegetable Products,SR Legacy,61.0,1.15,2.97,0.13,1.3,0.0,238.0,17.0,0.48
168470,"Squash, summer, zucchini, includes skin, frozen, cooked, boiled, drained, without salt",Vegetables and Vegetable Products,SR Legacy,17.0,1.15,3.56,0.13,1.3,0.0,2.0,17.0,0.48
169986,"Cauliflower, raw",Vegetables and Vegetable Products,SR Legacy,25.0,1.92,4.97,0.28,2.0,0.0,30.0,22.0,0.42
170398,"Cauliflower, frozen, unprepared",Vegetables and Vegetable Products,SR Legacy,24.0,2.01,4.68,0.27,2.3,0.0,24.0,22.0,0.54
169389,"Cauliflower, green, raw",Vegetables and Vegetable Products,SR Legacy,31.0,2.95,6.09,0.3,3.2,0.0,23.0,33.0,0.73
169391,"Cauliflower, green, cooked, with salt",Vegetables and Vegetable Products,SR Legacy,136.0,3.04,6.28,0.31,3.3,0.0,259.0,32.0,0.72
168520,"Cauliflower, cooked, boiled, drained, with salt",Vegetables and Vegetable Products,SR Legacy,96.0,1.84,4.11,0.45,2.3,0.0,242.0,16.0,0.32
169390,"Cauliflower, green, cooked, no salt added",Vegetables and Vegetable Products,SR Legacy,134.0,3.04,6.28,0.31,3.3,0.0,23.0,32.0,0.72
170397,"Cauliflower, cooked, boiled, drained, without salt",Vegetables and Vegetable Products,SR Legacy,96.0,1.84,4.11,0.45,2.3,0.0,15.0,16.0,0.32
168521,"Cauliflower, frozen, cooked, boiled, drained, with salt",Vegetables and Vegetable Products,SR Legacy,71.0,1.61,3.16,0.22,2.7,0.0,254.0,17.0,0.41
169397,"Pickles, chowchow, with cauliflower onion mustard, sweet",Vegetables and Vegetable Products,SR Legacy,505.0,1.5,26.6,0.9,1.5,0.0,527.0,23.0,1.4
170399,"Cauliflower, frozen, cooked, boiled, drained, without salt",Vegetables and Vegetable Products,SR Legacy,80.0,1.61,3.75,0.22,2.7,0.0,18.0,17.0,0.41
174988,"Croissants, apple",Baked Products,SR Legacy,254.0,7.4,37.1,8.7,2.5,0.0,274.0,30.0,1.1
175032,"Strudel, apple",Baked Products,SR Legacy,274.0,3.3,41.1,11.2,2.2,0.0,135.0,15.0,0.42
170959,"Babyfood, juice, apple",Baby Foods,SR Legacy,47.0,0.0,11.7,0.1,0.1,0.0,8.0,4.0,0.57
168816,"Fruit butters, apple",Sweets,SR Legacy,724.0,0.39,42.5,0.3,1.5,0.0,15.0,14.0,0.31
168171,"Rose-apples, raw",Fruits and Fruit Juices,SR Legacy,25.0,0.6,5.7,0.3,0.0,0.0,0.0,29.0,0.07
171691,"Apples, dried, sulfured, uncooked",Fruits and Fruit Juices,SR Legacy,243.0,0.93,65.9,0.32,8.7,0.0,87.0,14.0,1.4
171689,"Apples, raw, without skin",Fruits and Fruit Juices,SR Legacy,48.0,0.27,12.8,0.13,1.3,0.0,0.0,5.0,0.07
171351,"Babyfood, apple-banana juice",Baby Foods,SR Legacy,213.0,0.2,12.3,0.1,0.2,0.0,4.0,7.0,0.2
173517,"Babyfood, apples with ham, strained",Baby Foods,SR Legacy,62.0,2.6,10.9,0.9,1.8,0.0,9.0,4.0,0.3
173511,"Babyfood, apples, dices, toddler",Baby Foods,SR Legacy,50.0,0.19,11.6,0.36,1.9,0.0,2.0,4.0,0.08
167729,"Babyfood, juice, apple - cherry",Baby Foods,SR Legacy,47.0,0.2,11.2,0.1,0.3,0.0,4.0,7.0,0.35
171381,"Babyfood, juice, apple and grape",Baby Foods,SR Legacy,46.0,0.1,11.3,0.2,0.1,0.0,0.0,6.0,0.39
171352,"Babyfood, juice, apple and peach",Baby Foods,SR Legacy,43.0,0.2,10.5,0.1,0.1,0.0,0.0,3.0,0.56
171353,"Babyfood, juice, apple and prune",Baby Foods,SR Legacy,72.0,0.2,18.1,0.1,0.1,0.0,8.0,9.0,0.95
170985,"Babyfood, juice, apple, with calcium",Baby Foods,SR Legacy,191.0,0.06,11.1,0.1,0.4,0.0,3.0,127.0,0.2
171355,"Babyfood, juice, orange and apple",Baby Foods,SR Legacy,43.0,0.4,10.1,0.2,0.0,0.0,3.0,10.0,0.2
167728,"Babyfood, rice and apples, dry",Baby Foods,SR Legacy,396.0,6.7,86.9,2.4,3.0,0.0,16.0,850.0,37.0
169909,"Mammy-apple, (mamey), raw",Fruits and Fruit Juices,SR Legacy,51.0,0.5,12.5,0.5,3.0,0.0,15.0,11.0,0.7
168822,"Pie fillings, apple, canned",Sweets,SR Legacy,420.0,0.1,26.1,0.1,1.0,0.0,47.0,4.0,0.29
168175,"Sugar-apples, (sweetsop), raw",Fruits and Fruit Juices,SR Legacy,94.0,2.06,23.6,0.29,4.4,0.0,9.0,24.0,0.6
168202,"Apples, raw, golden delicious, with skin",Fruits and Fruit Juices,SR Legacy,238.0,0.28,13.6,0.15,2.4,0.0,2.0,6.0,0.13
167690,"Babyfood, apple yogurt dessert, strained",Baby Foods,SR Legacy,93.0,0.8,19.5,1.6,0.5,0.0,20.0,6.0,0.0
167733,"Babyfood, banana apple dessert, strained",Baby Foods,SR Legacy,285.0,0.3,16.3,0.2,1.0,0.0,7.0,3.0,0.1
170977,"Babyfood, dessert, dutch apple, junior",Baby Foods,SR Legacy,330.0,0.2,19.2,0.16,1.4,0.0,3.0,3.0,0.11
170976,"Babyfood, dessert, dutch apple, strained",Baby Foods,SR Legacy,75.0,0.2,19.7,0.4,1.4,0.0,0.0,5.0,0.2
172287,"Babyfood, dinner, apples and chicken, strained",Baby Foods,SR Legacy,65.0,2.16,10.9,1.38,1.8,0.0,12.0,18.0,0.38
170958,"Babyfood, fruit, apple and blueberry, junior",Baby Foods,SR Legacy,62.0,0.2,16.6,0.2,1.8,0.0,1.0,5.0,0.4
170957,"Babyfood, fruit, apple and blueberry, strained",Baby Foods,SR Legacy,61.0,0.2,16.3,0.2,1.8,0.0,1.0,4.0,0.2
171346,"Babyfood, fruit, apple and raspberry, junior",Baby Foods,SR Legacy,58.0,0.2,15.4,0.2,2.1,0.0,0.0,5.0,0.22
171345,"Babyfood, fruit, apple and raspberry, strained",Baby Foods,SR Legacy,58.0,0.2,15.6,0.2,2.1,0.0,0.0,5.0,0.22
170960,"Babyfood, juice, orange and apple and banana",Baby Foods,SR Legacy,47.0,0.4,11.5,0.1,0.1,0.0,0.0,5.0,0.35
171725,"Custard-apple, (bullock's-heart), raw",Fruits and Fruit Juices,SR Legacy,101.0,1.7,25.2,0.6,2.4,0.0,4.0,30.0,0.71
175012,"Pie, apple, prepared from recipe",Baked Products,SR Legacy,265.0,2.4,37.1,12.5,0.0,0.0,211.0,7.0,1.12
167522,"Pie, Dutch Apple, Commercially Prepared",Baked Products,SR Legacy,290.0,2.17,44.5,11.5,1.6,0.0,200.0,14.0,0.91
173930,"Apples, canned, sweetened, sliced, drained, heated",Fruits and Fruit Juices,SR Legacy,67.0,0.18,16.8,0.43,2.0,0.0,3.0,4.0,0.24
171690,"Apples, dehydrated (low moisture), sulfured, stewed",Fruits and Fruit Juices,SR Legacy,74.0,0.28,19.9,0.12,2.6,0.0,26.0,4.0,0.43
173931,"Apples, dehydrated (low moisture), sulfured, uncooked",Fruits and Fruit Juices,SR Legacy,346.0,1.32,93.5,0.58,12.4,0.0,124.0,19.0,2.0
171693,"Apples, dried, sulfured, stewed, with added sugar",Fruits and Fruit Juices,SR Legacy,83.0,0.2,20.7,0.07,1.9,0.0,19.0,3.0,0.31
173928,"Apples, raw, without skin, cooked, boiled",Fruits and Fruit Juices,SR Legacy,222.0,0.26,13.6,0.36,2.4,0.0,1.0,5.0,0.19
173929,"Apples, raw, without skin, cooked, microwave",Fruits and Fruit Juices,SR Legacy,234.0,0.28,14.4,0.42,2.8,0.0,1.0,5.0,0.17
170956,"Babyfood, fruit, bananas with apples and pears, strained",Baby Foods,SR Legacy,83.0,0.9,19.3,0.22,1.4,0.0,2.0,5.0,0.3
174140,"Beverages, cranberry-apple juice drink, bottled",Beverages,SR Legacy,263.0,0.0,15.8,0.11,0.0,0.0,2.0,3.0,0.07
169601,"Desserts, apple crisp, prepared-from-recipe",Sweets,SR Legacy,675.0,1.75,30.8,3.43,1.4,0.0,351.0,35.0,0.82
173945,"Bananas, dehydrated, or banana powder",Fruits and Fruit Juices,SR Legacy,346.0,3.89,88.3,1.81,9.9,0.0,3.0,22.0,1.15
173944,"Bananas, raw",Fruits and Fruit Juices,SR Legacy,89.0,1.09,22.8,0.33,2.6,0.0,1.0,5.0,0.26
1105073,"Bananas, overripe, raw",Fruits and Fruit Juices,Foundation,357.0,0.73,20.1,0.22,1.7,0.0,0.0,0.0,0.0
167629,"Melon, banana (Navajo)",American Indian/Alaska Native Foods,SR Legacy,21.0,0.84,4.06,0.2,0.3,0.0,11.0,13.0,0.21
168849,"Snacks, banana chips",Snacks,SR Legacy,2170.0,2.3,58.4,33.6,7.7,0.0,6.0,18.0,1.25
167732,"Babyfood, banana no tapioca, strained",Baby Foods,SR Legacy,381.0,1.0,21.3,0.2,1.6,0.0,2.0,4.0,0.3
170962,"Babyfood, juice, orange and banana",Baby Foods,SR Legacy,50.0,0.7,11.9,0.1,0.0,0.0,3.0,17.0,0.11
170999,"Babyfood, banana with mixed berries, strained",Baby Foods,SR Legacy,92.0,1.01,21.3,0.36,1.0,0.0,0.0,0.0,0.0
170965,"Babyfood, cereal, mixed, with bananas, dry",Baby Foods,SR Legacy,391.0,10.7,77.1,4.6,7.8,0.0,0.0,696.0,47.5
171361,"Babyfood, cereal, oatmeal, with bananas, dry",Baby Foods,SR Legacy,1670.0,6.67,78.1,6.67,5.2,0.0,33.0,800.0,45.0
170974,"Babyfood, cereal, rice, with bananas, dry",Baby Foods,SR Legacy,404.0,8.7,79.9,4.2,1.0,0.0,0.0,691.0,47.5
169872,"Babyfood, dessert, banana pudding, strained",Baby Foods,SR Legacy,284.0,1.0,14.1,0.8,0.8,0.0,54.0,11.0,0.3
168135,"Babyfood, dessert, banana yogurt, strained",Baby Foods,SR Legacy,78.0,1.1,17.4,0.52,0.5,0.0,14.0,30.0,0.14
170951,"Babyfood, fruit, applesauce with banana, junior",Baby Foods,SR Legacy,66.0,0.37,16.2,0.1,1.6,0.0,3.0,5.0,0.24
170998,"Babyfood, fruit, banana and strawberry, junior",Baby Foods,SR Legacy,109.0,0.71,25.8,0.37,1.4,0.0,1.0,0.0,0.14
172282,"Babyfood, fruit, bananas with tapioca, junior",Baby Foods,SR Legacy,67.0,0.4,17.8,0.2,1.6,0.0,0.0,8.0,0.3
171335,"Babyfood, fruit, bananas with tapioca, strained",Baby Foods,SR Legacy,56.0,0.4,15.3,0.1,1.6,0.0,0.0,5.0,0.2
169792,"Babyfood, GERBER, Banana with orange medley",Baby Foods,SR Legacy,287.0,1.06,20.4,0.0,2.1,0.0,10.0,0.0,0.23
172285,"Babyfood, plums, bananas and rice, strained",Baby Foods,SR Legacy,238.0,1.1,12.7,0.3,1.3,0.0,0.0,3.0,0.0
1105314,"Bananas, ripe and slightly ripe, raw",Fruits and Fruit Juices,Foundation,97.0,0.74,23.0,0.29,1.7,0.0,0.0,5.0,0.0
169648,"Puddings, banana, dry mix, instant",Sweets,SR Legacy,367.0,0.0,92.7,0.6,0.0,0.0,1500.0,6.0,0.12
169650,"Puddings, banana, dry mix, regular",Sweets,SR Legacy,1530.0,0.0,93.0,0.4,0.3,0.0,788.0,20.0,0.05
175230,SILK Banana-Strawberry soy yogurt,Legumes and Legume Products,SR Legacy,368.0,2.35,17.1,1.18,0.6,0.0,15.0,176.0,0.64
168090,"Babyfood, banana juice with low fat yogurt",Baby Foods,SR Legacy,86.0,2.5,17.5,0.8,0.4,0.0,37.0,79.0,0.2
170966,"Babyfood, cereal, mixed, with applesauce and bananas, strained",Baby Foods,SR Legacy,82.0,0.71,18.4,0.51,1.0,0.0,5.0,91.0,6.81
171362,"Babyfood, cereal, oatmeal, with applesauce and bananas, strained",Baby Foods,SR Legacy,75.0,0.89,15.6,0.89,0.9,0.0,4.0,6.0,7.5
170970,"Babyfood, cereal, rice, with applesauce and bananas, strained",Baby Foods,SR Legacy,334.0,1.2,17.1,0.4,1.0,0.0,4.0,17.0,6.73
170953,"Babyfood, fruit, bananas and pineapple with tapioca, junior",Baby Foods,SR Legacy,68.0,0.2,18.4,0.1,1.6,0.0,0.0,7.0,0.13
170954,"Babyfood, fruit, bananas and pineapple with tapioca, strained",Baby Foods,SR Legacy,65.0,0.2,17.8,0.0,1.6,0.0,0.0,7.0,0.23
174829,"Beverages, V8 SPLASH Smoothies, Strawberry Banana",Beverages,SR Legacy,37.0,1.22,8.16,0.0,0.0,0.0,29.0,41.0,0.15
168213,"Fruit juice smoothie, ODWALLA, strawberry banana",Fruits and Fruit Juices,SR Legacy,200.0,0.5,11.0,0.32,0.6,0.0,2.0,10.0,0.2
172777,"Pie, banana cream, prepared from recipe",Baked Products,SR Legacy,269.0,4.4,32.9,13.6,0.7,0.0,240.0,75.0,1.04
170967,"Babyfood, cereal, mixed, with applesauce and bananas, junior, fortified",Baby Foods,SR Legacy,350.0,0.71,18.8,0.51,1.0,0.0,5.0,91.0,6.81
173530,"Babyfood, cereal, mixed, with bananas, prepared with whole milk",Baby Foods,SR Legacy,86.0,3.82,10.0,3.46,0.4,0.0,48.0,153.0,3.63
171363,"Babyfood, cereal, oatmeal, with applesauce and bananas, junior, fortified",Baby Foods,SR Legacy,319.0,0.89,16.0,0.89,0.9,0.0,4.0,6.0,7.5
172297,"Babyfood, cereal, oatmeal, with bananas, prepared with whole milk",Baby Foods,SR Legacy,362.0,3.82,10.0,3.46,0.4,0.0,48.0,153.0,3.63
173534,"Babyfood, cereal, rice, with bananas, prepared with whole milk",Baby Foods,SR Legacy,360.0,3.57,10.5,3.32,0.1,0.0,47.0,156.0,3.63
174168,"Beverages, V8 SPLASH Juice Drinks, Strawberry Banana",Beverages,SR Legacy,29.0,0.0,7.41,0.0,0.0,0.0,21.0,0.0,0.0
171934,"Beverages, V8 V-FUSION Juices, Strawberry Banana",Beverages,SR Legacy,49.0,0.41,11.8,0.0,0.0,0.0,28.0,8.0,0.15
174906,"Bread, banana, prepared from recipe, made with margarine",Baked Products,SR Legacy,326.0,4.3,54.6,10.5,1.1,0.0,302.0,21.0,1.4
174638,"Cereals, QUAKER, Instant Oatmeal, Banana Bread, dry",Breakfast Cereals,SR Legacy,368.0,8.97,75.7,4.85,6.7,0.0,700.0,277.0,10.1
167799,"Fruit juice smoothie, BOLTHOUSE FARMS, strawberry banana",Fruits and Fruit Juices,SR Legacy,52.0,0.44,12.4,0.3,0.6,0.0,5.0,11.0,0.32
168214,"Fruit juice smoothie, NAKED JUICE, strawberry banana",Fruits and Fruit Juices,SR Legacy,50.0,0.48,11.7,0.27,0.6,0.0,2.0,10.0,0.2
168866,"Puddings, banana, dry mix, instant, with added oil",Sweets,SR Legacy,386.0,0.0,89.0,4.4,0.0,0.0,1500.0,6.0,0.12
168819,"Marmalade, orange",Sweets,SR Legacy,1030.0,0.3,66.3,0.0,0.7,0.0,56.0,38.0,0.15
167577,"Sherbet, orange",Sweets,SR Legacy,602.0,1.1,30.4,2.0,1.3,0.0,46.0,54.0,0.14
171354,"Babyfood, juice, orange",Baby Foods,SR Legacy,186.0,0.6,10.2,0.3,0.1,0.0,0.0,12.0,0.17
174854,"Beverages, carbonated, orange",Beverages,SR Legacy,48.0,0.0,12.3,0.0,0.0,0.0,12.0,5.0,0.06
169103,"Orange peel, raw",Fruits and Fruit Juices,SR Legacy,97.0,1.5,25.0,0.2,10.6,0.0,3.0,161.0,0.8
169918,"Oranges, raw, Florida",Fruits and Fruit Juices,SR Legacy,192.0,0.7,11.5,0.21,2.4,0.0,0.0,43.0,0.09
746771,"Oranges, raw, navels",Fruits and Fruit Juices,Foundation,196.0,0.91,11.8,0.15,2.0,0.0,9.0,43.0,0.33
169919,"Oranges, raw, with peel",Fruits and Fruit Juices,SR Legacy,63.0,1.3,15.5,0.3,4.5,0.0,2.0,70.0,0.8
170961,"Babyfood, juice, orange and apricot",Baby Foods,SR Legacy,46.0,0.8,10.9,0.1,0.1,0.0,6.0,6.0,0.38
170963,"Babyfood, juice, orange and pineapple",Baby Foods,SR Legacy,48.0,0.5,11.7,0.1,0.1,0.0,2.0,8.0,0.42
171356,"Babyfood, juice, prune and orange",Baby Foods,SR Legacy,70.0,0.6,16.8,0.3,0.0,0.0,2.0,12.0,0.87
169044,"Beverages, Orange juice drink",Beverages,SR Legacy,228.0,0.2,13.4,0.0,0.2,0.0,2.0,2.0,0.11
173962,"Cranberry-orange relish, canned",Fruits and Fruit Juices,SR Legacy,178.0,0.3,46.2,0.1,0.0,0.0,32.0,11.0,0.2
175133,"Fish, roughy, orange, raw",Finfish and Shellfish Products,SR Legacy,320.0,16.4,0.0,0.7,0.0,0.0,72.0,9.0,1.01
169099,"Orange juice, canned, unsweetened",Fruits and Fruit Juices,SR Legacy,47.0,0.68,11.0,0.15,0.3,0.0,4.0,10.0,0.1
167792,Orange Pineapple Juice Blend,Fruits and Fruit Juices,SR Legacy,214.0,0.41,12.2,0.08,0.2,0.0,4.0,8.0,0.18
169916,"Oranges, raw, California, valencias",Fruits and Fruit Juices,SR Legacy,49.0,1.04,11.9,0.3,2.5,0.0,0.0,40.0,0.09
167679,"Restaurant, Chinese, orange chicken",Restaurant Foods,SR Legacy,1100.0,14.5,22.5,12.7,0.8,0.0,553.0,14.0,0.94
169105,"Tangerines, (mandarin oranges), raw",Fruits and Fruit Juices,SR Legacy,223.0,0.81,13.3,0.31,1.8,0.0,2.0,37.0,0.15
173178,"Beverages, Orange juice, light, No pulp",Beverages,SR Legacy,21.0,0.21,5.42,0.0,0.0,0.0,4.0,0.0,0.0
168113,"Frozen novelties, juice type, orange",Sweets,SR Legacy,396.0,0.5,23.2,0.0,0.1,0.0,8.0,9.0,0.47
169097,"Oranges, raw, all commercial varieties",Fruits and Fruit Juices,SR Legacy,197.0,0.94,11.8,0.12,2.4,0.0,0.0,40.0,0.1
171374,"Babyfood, dessert, fruit pudding, orange, strained",Baby Foods,SR Legacy,80.0,1.1,17.7,0.9,0.6,0.0,20.0,32.0,0.1
173223,"Beverages, orange and apricot juice drink, canned",Beverages,SR Legacy,213.0,0.3,12.7,0.1,0.1,0.0,2.0,5.0,0.1
173225,"Beverages, pineapple and orange juice drink, canned",Beverages,SR Legacy,209.0,1.3,11.8,0.0,0.1,0.0,3.0,5.0,0.27
174251,"Fish, roughy, orange, cooked, dry heat",Finfish and Shellfish Products,SR Legacy,439.0,22.6,0.0,0.9,0.0,0.0,69.0,11.0,1.13
169100,"Orange juice, chilled, includes from concentrate",Fruits and Fruit Juices,SR Legacy,49.0,0.68,11.5,0.12,0.3,0.0,2.0,11.0,0.13
169923,"Orange juice, frozen concentrate, unsweetened, undiluted",Fruits and Fruit Juices,SR Legacy,148.0,2.4,35.2,0.25,1.0,0.0,7.0,38.0,0.33
169104,"Orange-grapefruit juice, canned or bottled, unsweetened",Fruits and Fruit Juices,SR Legacy,43.0,0.6,10.3,0.1,0.1,0.0,3.0,8.0,0.46
169106,"Tangerines, (mandarin oranges), canned, juice pack",Fruits and Fruit Juices,SR Legacy,37.0,0.62,9.57,0.03,0.7,0.0,5.0,11.0,0.27
170973,"Babyfood, cereal, high protein, with apple and orange, dry",Baby Foods,SR Legacy,374.0,25.4,57.6,6.5,7.1,0.0,104.0,751.0,47.5
174868,"Beverages, orange drink, canned, with added vitamin C",Beverages,SR Legacy,204.0,0.0,12.3,0.07,0.0,0.0,3.0,5.0,0.04
173235,"Beverages, orange-flavor drink, breakfast type, powder",Beverages,SR Legacy,1620.0,0.0,98.9,0.0,0.4,0.0,17.0,385.0,0.02
174166,"Beverages, V8 SPLASH Juice Drinks, Orange Pineapple",Beverages,SR Legacy,29.0,0.0,7.41,0.0,0.0,0.0,21.0,0.0,0.0
168184,"Tangerines, (mandarin oranges), canned, juice pack, drained",Fruits and Fruit Juices,SR Legacy,158.0,0.75,9.41,0.04,1.2,0.0,5.0,12.0,0.27
169924,"Tangerines, (mandarin oranges), canned, light syrup pack",Fruits and Fruit Juices,SR Legacy,61.0,0.45,16.2,0.1,0.7,0.0,6.0,7.0,0.37
175105,"Beverages, orange breakfast drink, ready-to-drink, with added nutrients",Beverages,SR Legacy,53.0,0.0,13.2,0.0,0.1,0.0,54.0,100.0,0.05
169920,"Orange juice, chilled, includes from concentrate, with added calcium",Fruits and Fruit Juices,SR Legacy,47.0,0.68,11.3,0.12,0.3,0.0,2.0,140.0,0.13
169922,"Orange juice, frozen concentrate, unsweetened, undiluted, with added calcium",Fruits and Fruit Juices,SR Legacy,616.0,2.4,33.9,0.25,1.0,0.0,7.0,578.0,0.33
173533,"Babyfood, cereal, high protein, with apple and orange, prepared with whole milk",Baby Foods,SR Legacy,112.0,6.9,13.4,3.9,0.0,0.0,58.0,223.0,14.4
169393,"Grape leaves, canned",Vegetables and Vegetable Products,SR Legacy,287.0,4.27,11.7,1.97,9.9,0.0,2850.0,289.0,2.98
168575,"Grape leaves, raw",Vegetables and Vegetable Products,SR Legacy,93.0,5.6,17.3,2.12,11.0,0.0,9.0,363.0,2.63
173040,"Grapes, muscadine, raw",Fruits and Fruit Juices,SR Legacy,57.0,0.81,13.9,0.47,3.9,0.0,1.0,37.0,0.26
173203,"Beverages, carbonated, grape soda",Beverages,SR Legacy,43.0,0.0,11.2,0.0,0.0,0.0,15.0,3.0,0.08
171916,"Beverages, grape drink, canned",Beverages,SR Legacy,257.0,0.0,15.7,0.0,0.0,0.0,16.0,52.0,0.07
168144,"Babyfood, grape juice, no sugar, canned",Baby Foods,SR Legacy,257.0,0.0,15.4,0.0,0.0,0.0,10.0,12.0,0.3
173213,"Beverages, grape juice drink, canned",Beverages,SR Legacy,57.0,0.0,14.6,0.0,0.1,0.0,9.0,7.0,0.13
174132,"Beverages, OCEAN SPRAY, Cran Grape",Beverages,SR Legacy,54.0,0.21,13.2,0.0,0.6,0.0,19.0,3.0,0.04
171902,"Beverages, cranberry-grape juice drink, bottled",Beverages,SR Legacy,56.0,0.2,14.0,0.1,0.1,0.0,3.0,8.0,0.01
174682,"Grapes, american type (slip skin), raw",Fruits and Fruit Juices,SR Legacy,280.0,0.63,17.2,0.35,0.9,0.0,2.0,14.0,0.29
174150,"Beverages, OCEAN SPRAY, Light Cranberry, Concord Grape",Beverages,SR Legacy,94.0,0.36,5.78,0.02,0.7,0.0,8.0,4.0,0.06
171647,"Cereals ready-to-eat, POST, GRAPE-NUTS Cereal",Breakfast Cereals,SR Legacy,1510.0,11.2,80.5,1.81,13.0,0.0,465.0,32.0,28.0
171648,"Cereals ready-to-eat, POST, GRAPE-NUTS Flakes",Breakfast Cereals,SR Legacy,1570.0,9.4,82.0,3.7,10.2,0.0,470.0,36.0,27.9
168197,"Juice, apple and grape blend, with added ascorbic acid",Fruits and Fruit Juices,SR Legacy,50.0,0.16,12.5,0.12,0.2,0.0,7.0,11.0,0.11
173041,"Grape juice, canned or bottled, unsweetened, with added ascorbic acid",Fruits and Fruit Juices,SR Legacy,252.0,0.37,14.8,0.13,0.2,0.0,5.0,11.0,0.25
174684,"Grapes, canned, thompson seedless, water pack, solids and liquids",Fruits and Fruit Juices,SR Legacy,167.0,0.5,10.3,0.11,0.6,0.0,6.0,10.0,0.98
174683,"Grapes, red or green (European type, such as Thompson seedless), raw",Fruits and Fruit Juices,SR Legacy,288.0,0.72,18.1,0.16,0.9,0.0,2.0,10.0,0.36
168207,"Grape juice, canned or bottled, unsweetened, with added ascorbic acid and calcium",Fruits and Fruit Juices,SR Legacy,62.0,0.37,14.8,0.13,0.2,0.0,5.0,42.0,0.25
173042,"Grape juice, canned or bottled, unsweetened, without added ascorbic acid",Fruits and Fruit Juices,SR Legacy,60.0,0.37,14.8,0.13,0.2,0.0,5.0,11.0,0.25
174685,"Grapes, canned, thompson seedless, heavy syrup pack, solids and liquids",Fruits and Fruit Juices,SR Legacy,76.0,0.48,19.6,0.1,0.6,0.0,5.0,10.0,0.94
168198,"Juice, apple, grape and pear blend, with added ascorbic acid and calcium",Fruits and Fruit Juices,SR Legacy,52.0,0.17,13.0,0.12,0.2,0.0,5.0,72.0,0.14
170259,"Frozen novelties, ice type, sugar free, orange, cherry, and grape POPSICLE pops",Sweets,SR Legacy,86.0,0.0,5.14,0.0,0.0,0.0,10.0,0.0,0.67
173028,"Fruit cocktail, (peach and pineapple and pear and grape and cherry), canned, heavy syrup, solids and liquids",Fruits and Fruit Juices,SR Legacy,73.0,0.39,18.9,0.07,1.0,0.0,6.0,6.0,0.29
174668,"Fruit cocktail, (peach and pineapple and pear and grape and cherry), canned, juice pack, solids and liquids",Fruits and Fruit Juices,SR Legacy,46.0,0.46,11.9,0.01,1.0,0.0,4.0,8.0,0.21
173027,"Fruit cocktail, (peach and pineapple and pear and grape and cherry), canned, light syrup, solids and liquids",Fruits and Fruit Juices,SR Legacy,57.0,0.4,14.9,0.07,1.0,0.0,6.0,6.0,0.29
174667,"Fruit cocktail, (peach and pineapple and pear and grape and cherry), canned, water pack, solids and liquids",Fruits and Fruit Juices,SR Legacy,32.0,0.42,8.51,0.05,1.0,0.0,4.0,5.0,0.25
173029,"Fruit cocktail, (peach and pineapple and pear and grape and cherry), canned, extra heavy syrup, solids and liquids",Fruits and Fruit Juices,SR Legacy,88.0,0.39,22.9,0.07,1.1,0.0,6.0,6.0,0.28
173026,"Fruit cocktail, (peach and pineapple and pear and grape and cherry), canned, extra light syrup, solids and liquids",Fruits and Fruit Juices,SR Legacy,45.0,0.4,11.6,0.07,1.1,0.0,4.0,8.0,0.3
167805,"Ruby Red grapefruit juice blend (grapefruit, grape, apple), OCEAN SPRAY, bottled, with added vitamin C",Fruits and Fruit Juices,SR Legacy,183.0,0.5,10.5,0.1,0.2,0.0,8.0,10.0,0.14
173165,"Beverages, THE COCA-COLA COMPANY, NOS energy drink, Original, grape, loaded cherry, charged citrus, fortified with vitamins B6 and B12",Beverages,SR Legacy,44.0,0.0,11.2,0.0,0.0,0.0,85.0,0.0,0.0
168191,"Dates, medjool",Fruits and Fruit Juices,SR Legacy,277.0,1.81,75.0,0.15,6.7,0.0,1.0,64.0,0.9
171726,"Dates, deglet noor",Fruits and Fruit Juices,SR Legacy,1180.0,2.45,75.0,0.39,8.0,0.0,2.0,39.0,1.02
173246,"Archway Home Style Cookies, Date Filled Oatmeal",Baked Products,SR Legacy,1670.0,4.67,68.2,12.0,2.1,0.0,331.0,28.0,2.26
174625,"Cereals, QUAKER, Instant Oatmeal, raisins, dates and walnuts, dry",Breakfast Cereals,SR Legacy,1550.0,8.82,72.4,6.98,6.9,0.0,516.0,297.0,10.7
169041,"Cereals ready-to-eat, POST, GREAT GRAINS, Raisin, Date & Pecan",Breakfast Cereals,SR Legacy,1580.0,7.9,74.3,7.1,9.3,0.0,247.0,39.0,16.4
167762,"Strawberries, raw",Fruits and Fruit Juices,SR Legacy,136.0,0.67,7.68,0.3,2.0,0.0,1.0,16.0,0.41
168758,"Toppings, strawberry",Sweets,SR Legacy,254.0,0.2,66.3,0.1,0.7,0.0,21.0,6.0,0.28
173045,"Guavas, strawberry, raw",Fruits and Fruit Juices,SR Legacy,69.0,0.58,17.4,0.6,5.4,0.0,37.0,21.0,0.22
168810,"Ice creams, strawberry",Sweets,SR Legacy,192.0,3.2,27.6,8.4,0.9,0.0,60.0,120.0,0.21
172062,"McDONALD'S, Strawberry Sundae",Fast Foods,SR Legacy,659.0,3.19,28.1,3.95,0.0,0.0,47.0,110.0,0.1
172036,"Fast foods, sundae, strawberry",Fast Foods,SR Legacy,175.0,4.09,29.2,5.13,0.0,0.0,60.0,105.0,0.21
171301,"Kefir, lowfat, strawberry, LIFEWAY",Dairy and Egg Products,SR Legacy,261.0,3.39,10.2,0.9,0.0,0.0,37.0,119.0,0.04
175228,SILK Strawberry soy yogurt,Legumes and Legume Products,SR Legacy,393.0,2.35,18.2,1.18,0.6,0.0,15.0,176.0,0.64
168174,"Strawberries, frozen, sweetened, sliced",Fruits and Fruit Juices,SR Legacy,96.0,0.53,25.9,0.13,1.9,0.0,3.0,11.0,0.59
171300,"Yogurt, Greek, strawberry, lowfat",Dairy and Egg Products,SR Legacy,439.0,8.17,12.3,2.57,1.0,0.0,33.0,88.0,0.07
330415,"Yogurt, Greek, strawberry, nonfat",Dairy and Egg Products,Foundation,347.0,8.06,12.2,0.15,0.6,0.0,32.0,97.0,0.09
170901,"Yogurt, Greek, strawberry, nonfat",Dairy and Egg Products,SR Legacy,342.0,8.05,12.1,0.15,0.6,0.0,33.0,97.0,0.09
174111,"Beverages, Kiwi Strawberry Juice Drink",Beverages,SR Legacy,47.0,0.0,12.3,0.0,0.0,0.0,11.0,0.0,0.15
175102,"Beverages, shake, fast food, strawberry",Beverages,SR Legacy,113.0,3.4,18.9,2.8,0.4,0.0,83.0,113.0,0.11
167583,"Candies, TWIZZLERS Strawberry Twists Candy",Sweets,SR Legacy,1460.0,2.56,79.2,2.32,0.0,0.0,287.0,0.0,0.51
174869,"Strawberry-flavor beverage mix, powder",Beverages,SR Legacy,1630.0,0.1,99.1,0.2,0.0,0.0,38.0,4.0,0.44
171297,"Yogurt, Greek, strawberry, DANNON OIKOS",Dairy and Egg Products,SR Legacy,106.0,8.25,11.7,2.92,1.0,0.0,34.0,86.0,0.07
175076,"Archway Home Style Cookies, Strawberry Filled",Baked Products,SR Legacy,1680.0,4.35,65.9,13.3,2.2,0.0,377.0,20.0,2.32
171299,"Yogurt, Greek, nonfat, strawberry, DANNON OIKOS",Dairy and Egg Products,SR Legacy,84.0,8.03,12.5,0.22,0.4,0.0,33.0,94.0,0.06
171931,"Beverages, V8 SPLASH Juice Drinks, Strawberry Kiwi",Beverages,SR Legacy,121.0,0.0,7.41,0.0,0.0,0.0,21.0,0.0,0.0
168172,"Strawberries, canned, heavy syrup pack, solids and liquids",Fruits and Fruit Juices,SR Legacy,92.0,0.56,23.5,0.26,1.7,0.0,4.0,13.0,0.49
170912,"Yogurt, Greek, 2% fat, strawberry banana, CHOBANI",Dairy and Egg Products,SR Legacy,88.0,8.0,10.2,1.71,0.7,0.0,32.0,88.0,0.2
170915,"Yogurt, Greek, nonfat, Fruit on Bottom, Strawberry, CHOBANI",Dairy and Egg Products,SR Legacy,79.0,7.28,11.9,0.23,0.4,0.0,31.0,93.0,0.15
174164,"Beverages, V8 SPLASH Juice Drinks, Diet Strawberry Kiwi",Beverages,SR Legacy,4.0,0.0,1.26,0.0,0.0,0.0,13.0,8.0,0.3
170664,"Ice creams, BREYERS, No Sugar Added, Vanilla Chocolate Strawberry",Sweets,SR Legacy,600.0,3.71,21.7,6.26,0.7,0.0,68.0,132.0,0.27
175035,"Toaster pastries, fruit (includes apple, blueberry, cherry, strawberry)",Baked Products,SR Legacy,388.0,4.2,70.3,9.95,1.0,0.0,334.0,16.0,5.51
174137,"Beverages, OCEAN SPRAY, White Cranberry Strawberry Flavored Juice Drink",Beverages,SR Legacy,204.0,0.22,12.0,0.01,0.6,0.0,3.0,4.0,0.04
174870,"Beverages, Strawberry-flavor beverage mix, powder, prepared with whole milk",Beverages,SR Legacy,88.0,3.0,12.3,3.1,0.0,0.0,48.0,110.0,0.08
172825,"Danish pastry, fruit, unenriched (includes apple, cinnamon, raisin, strawberry)",Baked Products,SR Legacy,371.0,5.4,47.8,18.5,1.9,0.0,354.0,46.0,0.75
170662,"Ice creams, BREYERS, All Natural Light Vanilla Chocolate Strawberry",Sweets,SR Legacy,673.0,4.69,26.1,4.35,0.4,0.0,69.0,158.0,0.31
169635,"Snacks, SUNKIST, SUNKIST Fruit Roll, strawberry, with vitamins A, C, and E",Snacks,SR Legacy,342.0,0.6,82.7,1.0,7.7,0.0,111.0,0.0,0.0
168173,"Strawberries, frozen, unsweetened (Includes foods for USDA's Food Distribution Program)",Fruits and Fruit Juices,SR Legacy,35.0,0.43,9.13,0.11,2.1,0.0,2.0,16.0,0.75
167927,"Toaster Pastries, fruit, frosted (include apples, blueberry, cherry, strawberry)",Baked Products,SR Legacy,385.0,4.01,71.8,9.02,1.8,0.0,311.0,12.0,4.35
167928,"Toaster pastries, fruit, toasted (include apple, blueberry, cherry, strawberry)",Baked Products,SR Legacy,1710.0,4.7,72.7,11.0,1.0,0.0,354.0,11.0,3.92
170775,"Fast foods, strawberry banana smoothie made with ice and low-fat yogurt",Fast Foods,SR Legacy,272.0,0.86,15.0,0.14,0.9,0.0,14.0,20.0,0.14
172755,"Danish pastry, fruit, enriched (includes apple, cinnamon, raisin, lemon, raspberry, strawberry)",Baked Products,SR Legacy,371.0,5.4,47.8,18.5,1.9,0.0,445.0,46.0,1.77
167765,"Watermelon, raw",Fruits and Fruit Juices,SR Legacy,127.0,0.61,7.55,0.15,0.4,0.0,1.0,7.0,0.24
169407,"Seeds, watermelon seed kernels, dried",Nut and Seed Products,SR Legacy,557.0,28.3,15.3,47.4,0.0,0.0,99.0,54.0,7.28
169910,"Mangos, raw",Fruits and Fruit Juices,SR Legacy,250.0,0.82,15.0,0.38,1.6,0.0,1.0,11.0,0.16
167785,"Mango nectar, canned",Fruits and Fruit Juices,SR Legacy,212.0,0.11,13.1,0.06,0.3,0.0,5.0,17.0,0.36
169091,"Mango, dried, sweetened",Fruits and Fruit Juices,SR Legacy,319.0,2.45,78.6,1.18,2.4,0.0,162.0,0.0,0.23
171341,"Babyfood, fruit dessert, mango with tapioca",Baby Foods,SR Legacy,293.0,0.3,19.0,0.2,1.1,0.0,4.0,8.0,0.2
173186,"Beverages, V8 SPLASH Smoothies, Peach Mango",Beverages,SR Legacy,154.0,1.22,7.76,0.0,0.0,0.0,29.0,41.0,0.15
172199,"Yogurt, Greek, 2% fat, mango, CHOBANI",Dairy and Egg Products,SR Legacy,390.0,7.64,11.8,1.69,0.5,0.0,30.0,89.0,0.03
172254,"Babyfood, GERBER, 3rd Foods, apple, mango and kiwi",Baby Foods,SR Legacy,48.0,0.47,12.9,0.0,2.0,0.0,2.0,9.0,0.17
174165,"Beverages, V8 SPLASH Juice Drinks, Mango Peach",Beverages,SR Legacy,138.0,0.0,8.23,0.0,0.0,0.0,16.0,0.0,0.0
171933,"Beverages, V8 V-FUSION Juices, Peach Mango",Beverages,SR Legacy,204.0,0.41,11.4,0.0,0.0,0.0,28.0,8.0,0.15
167795,"Fruit juice smoothie, NAKED JUICE, MIGHTY MANGO",Fruits and Fruit Juices,SR Legacy,63.0,0.42,15.0,0.0,0.0,0.0,4.0,8.0,0.15
173173,"Beverages, FUZE, orange mango, fortified with vitamins A, C, E, B6",Beverages,SR Legacy,159.0,0.68,9.2,0.06,0.2,0.0,10.0,9.0,0.1
174980,"Crackers, milk",Baked Products,SR Legacy,446.0,7.6,71.7,13.8,3.4,0.0,687.0,172.0,3.58
167686,"Milk dessert, frozen, milk-fat free, chocolate",Sweets,SR Legacy,699.0,4.3,37.7,1.0,0.0,0.0,97.0,154.0,0.04
173459,"Protein supplement, milk based, Muscle Milk, powder",Dairy and Egg Products,SR Legacy,1720.0,45.7,18.5,17.1,7.1,0.0,329.0,500.0,8.57
171942,"Beverages, rice milk, unsweetened",Beverages,SR Legacy,47.0,0.28,9.17,0.97,0.3,0.0,39.0,118.0,0.2
167587,"Candies, milk chocolate",Sweets,SR Legacy,2240.0,7.65,59.4,29.7,3.4,0.0,79.0,189.0,2.35
174650,Milk and cereal bar,Snacks,SR Legacy,413.0,6.47,72.0,11.0,0.4,0.0,319.0,410.0,5.99
171274,"Milk, buttermilk, dried",Dairy and Egg Products,SR Legacy,1620.0,34.3,49.0,5.78,0.0,0.0,517.0,1180.0,0.3
170882,"Milk, sheep, fluid",Dairy and Egg Products,SR Legacy,108.0,5.98,5.36,7.0,0.0,0.0,44.0,193.0,0.1
170890,"Milk dessert bar, frozen, made from lowfat milk",Dairy and Egg Products,SR Legacy,615.0,4.41,32.0,1.47,6.6,0.0,92.0,184.0,0.53
173460,"Protein supplement, milk based, Muscle Milk Light, powder",Dairy and Egg Products,SR Legacy,396.0,50.0,22.0,12.0,2.0,0.0,250.0,1200.0,12.0
168754,"Candies, milk chocolate, with almonds",Sweets,SR Legacy,526.0,9.0,53.4,34.4,6.2,0.0,74.0,224.0,1.63
170845,"Cheese, mozzarella, whole milk",Dairy and Egg Products,SR Legacy,299.0,22.2,2.4,22.1,0.0,0.0,486.0,505.0,0.44
746766,"Cheese, ricotta, whole milk",Dairy and Egg Products,Foundation,157.0,7.81,6.86,11.0,0.0,0.0,105.0,224.0,0.1
170851,"Cheese, ricotta, whole milk",Dairy and Egg Products,SR Legacy,150.0,7.54,7.27,10.2,0.0,0.0,110.0,206.0,0.13
170883,"Milk shakes, thick chocolate",Dairy and Egg Products,SR Legacy,119.0,3.05,21.2,2.7,0.3,0.0,111.0,132.0,0.31
170884,"Milk shakes, thick vanilla",Dairy and Egg Products,SR Legacy,112.0,3.86,17.8,3.03,0.0,0.0,95.0,146.0,0.1
172225,"Milk, buttermilk, fluid, whole",Dairy and Egg Products,SR Legacy,62.0,3.21,4.88,3.31,0.0,0.0,105.0,115.0,0.03
171275,"Milk, canned, condensed, sweetened",Dairy and Egg Products,SR Legacy,321.0,7.91,54.4,8.7,0.0,0.0,127.0,284.0,0.19
167730,"Milk, imitation, non-soy",Dairy and Egg Products,SR Legacy,46.0,1.6,5.3,2.0,0.0,0.0,55.0,82.0,0.1
171280,"Milk, indian buffalo, fluid",Dairy and Egg Products,SR Legacy,97.0,3.75,5.18,6.89,0.0,0.0,52.0,169.0,0.12
170875,"Milk, low sodium, fluid",Dairy and Egg Products,SR Legacy,61.0,3.1,4.46,3.46,0.0,0.0,3.0,101.0,0.05
167946,"SCHIFF,TIGER'S MILK BAR",Sweets,SR Legacy,387.0,16.8,56.5,14.3,2.3,0.0,168.0,429.0,10.3
172208,"Yogurt, chocolate, nonfat milk",Dairy and Egg Products,SR Legacy,469.0,3.53,23.5,0.0,1.2,0.0,135.0,88.0,0.42
170887,"Yogurt, plain, skim milk",Dairy and Egg Products,SR Legacy,233.0,5.73,7.68,0.18,0.0,0.0,77.0,199.0,0.09
171284,"Yogurt, plain, whole milk",Dairy and Egg Products,SR Legacy,257.0,3.47,4.66,3.25,0.0,0.0,46.0,121.0,0.05
168554,"Potatoes, mashed, prepared from granules, without milk, whole milk and margarine",Vegetables and Vegetable Products,SR Legacy,108.0,2.05,14.4,4.93,2.2,0.0,263.0,35.0,0.19
168001,"Candies, milk chocolate coated peanuts",Sweets,SR Legacy,519.0,13.1,49.7,33.5,4.7,0.0,41.0,104.0,1.31
169576,"Candies, milk chocolate coated raisins",Sweets,SR Legacy,1630.0,4.1,68.4,14.8,3.1,0.0,36.0,86.0,1.71
168755,"Candies, milk chocolate, with rice cereal",Sweets,SR Legacy,511.0,7.64,59.7,29.4,3.3,0.0,86.0,187.0,2.65
168765,"Candies, ROLO Caramels in Milk Chocolate",Sweets,SR Legacy,1980.0,5.08,68.0,20.9,0.9,0.0,188.0,145.0,0.42
167984,"Candies, SYMPHONY Milk Chocolate Bar",Sweets,SR Legacy,2220.0,8.51,58.0,30.6,1.7,0.0,101.0,251.0,0.91
170847,"Cheese, mozzarella, part skim milk",Dairy and Egg Products,SR Legacy,1060.0,24.3,2.77,15.9,0.0,0.0,619.0,782.0,0.22
171248,"Cheese, ricotta, part skim milk",Dairy and Egg Products,SR Legacy,138.0,11.4,5.14,7.91,0.0,0.0,99.0,272.0,0.44
170874,"Milk, buttermilk, fluid, cultured, lowfat",Dairy and Egg Products,SR Legacy,40.0,3.31,4.79,1.07,0.0,0.0,148.0,116.0,0.05
172194,"Milk, canned, evaporated, with added vitamin A",Dairy and Egg Products,SR Legacy,562.0,6.81,10.0,7.56,0.0,0.0,106.0,261.0,0.19
170910,"Milk, chocolate, lowfat, reduced sugar",Dairy and Egg Products,SR Legacy,237.0,3.43,7.68,1.04,0.0,0.0,66.0,122.0,0.16
171273,"Milk, dry, nonfat, calcium reduced",Dairy and Egg Products,SR Legacy,354.0,35.5,51.8,0.2,0.0,0.0,2280.0,280.0,0.32
171266,"Milk, producer, fluid, 3.7% milkfat",Dairy and Egg Products,SR Legacy,64.0,3.28,4.65,3.66,0.0,0.0,49.0,119.0,0.05
170905,"Yogurt, Greek, fruit, whole milk",Dairy and Egg Products,SR Legacy,441.0,7.33,12.3,3.0,0.0,0.0,37.0,100.0,0.0
171304,"Yogurt, Greek, plain, whole milk",Dairy and Egg Products,SR Legacy,406.0,9.0,3.98,5.0,0.0,0.0,35.0,100.0,0.0
174160,"Beverages, chocolate-flavor beverage mix for milk, powder, with added nutrients, prepared with whole milk",Beverages,SR Legacy,89.0,3.27,11.9,3.17,0.4,0.0,50.0,141.0,0.03
170873,"Milk, lowfat, fluid, 1% milkfat, with added nonfat milk solids, vitamin A and vitamin D",Dairy and Egg Products,SR Legacy,43.0,3.48,4.97,0.97,0.0,0.0,52.0,128.0,0.05
170446,"Potatoes, mashed, dehydrated, prepared from flakes without milk, whole milk and butter added",Vegetables and Vegetable Products,SR Legacy,97.0,1.77,10.9,5.13,0.8,0.0,164.0,32.0,0.16
168104,"Frozen yogurts, chocolate",Sweets,SR Legacy,547.0,3.0,21.6,3.6,2.3,0.0,63.0,100.0,0.46
168133,"Babyfood, dessert, peach yogurt",Baby Foods,SR Legacy,77.0,0.9,17.6,0.18,0.4,0.0,14.0,27.0,0.4
167569,"Candies, confectioner's coating, yogurt",Sweets,SR Legacy,522.0,5.87,63.9,27.0,0.0,0.0,88.0,205.0,0.14
173781,SILK Blueberry soy yogurt,Legumes and Legume Products,SR Legacy,368.0,2.35,17.1,1.18,0.6,0.0,15.0,176.0,0.64
173779,SILK Peach soy yogurt,Legumes and Legume Products,SR Legacy,393.0,2.35,18.8,1.18,0.6,0.0,15.0,176.0,0.64
175227,SILK Plain soy yogurt,Legumes and Legume Products,SR Legacy,276.0,2.64,9.69,1.76,0.4,0.0,13.0,132.0,0.0
173778,SILK Raspberry soy yogurt,Legumes and Legume Products,SR Legacy,368.0,2.35,17.6,1.18,0.6,0.0,15.0,176.0,0.64
169898,"Yogurt, fruit variety, nonfat",Dairy and Egg Products,SR Legacy,399.0,4.4,19.0,0.2,0.0,0.0,58.0,152.0,0.07
170914,"Yogurt, Greek, Blueberry, CHOBANI",Dairy and Egg Products,SR Legacy,343.0,7.23,12.8,0.24,0.5,0.0,32.0,90.0,0.15
170903,"Yogurt, Greek, plain, lowfat",Dairy and Egg Products,SR Legacy,305.0,9.95,3.94,1.92,0.0,0.0,34.0,115.0,0.04
330137,"Yogurt, Greek, plain, nonfat",Dairy and Egg Products,Foundation,61.0,10.3,3.64,0.37,0.0,0.0,36.0,111.0,0.07
170907,"Yogurt, Greek, vanilla, lowfat",Dairy and Egg Products,SR Legacy,95.0,8.64,9.54,2.5,0.0,0.0,40.0,100.0,0.04
170902,"Yogurt, Greek, vanilla, nonfat",Dairy and Egg Products,SR Legacy,78.0,8.64,10.4,0.18,0.5,0.0,34.0,99.0,0.04
170886,"Yogurt, plain, low fat",Dairy and Egg Products,SR Legacy,63.0,5.25,7.04,1.55,0.0,0.0,70.0,183.0,0.08
170888,"Yogurt, vanilla, low fat.",Dairy and Egg Products,SR Legacy,85.0,4.93,13.8,1.25,0.0,0.0,66.0,171.0,0.07
170906,"Yogurt, vanilla, non-fat",Dairy and Egg Products,SR Legacy,78.0,2.94,17.0,0.0,0.0,0.0,47.0,118.0,0.0
168134,"Babyfood, dessert, blueberry yogurt, strained",Baby Foods,SR Legacy,77.0,0.5,17.0,0.7,0.4,0.0,14.0,25.0,0.2
167726,"Babyfood, mixed fruit yogurt, strained",Baby Foods,SR Legacy,315.0,0.8,16.2,0.8,0.4,0.0,16.0,28.0,0.2
168848,"Frozen yogurts, chocolate, soft-serve",Sweets,SR Legacy,160.0,4.0,24.9,6.0,2.2,0.0,98.0,147.0,1.25
168815,"Frozen yogurts, vanilla, soft-serve",Sweets,SR Legacy,159.0,4.0,24.2,5.6,0.0,0.0,87.0,143.0,0.3
172075,"McDONALD'S, Fruit 'n Yogurt Parfait",Fast Foods,SR Legacy,439.0,2.73,20.7,1.3,1.0,0.0,58.0,86.0,0.45
175229,SILK Key Lime soy yogurt,Legumes and Legume Products,SR Legacy,368.0,2.35,17.6,1.18,0.6,0.0,15.0,176.0,0.64
170355,"Yogurt parfait, lowfat, with fruit and granola",Fast Foods,SR Legacy,84.0,3.36,15.9,1.01,1.1,0.0,49.0,105.0,0.49
171311,"Yogurt, Greek, nonfat, peach, CHOBANI",Dairy and Egg Products,SR Legacy,333.0,7.76,11.9,0.11,0.7,0.0,32.0,89.0,0.03
171312,"Yogurt, Greek, nonfat, plain, CHOBANI",Dairy and Egg Products,SR Legacy,54.0,9.53,3.43,0.24,0.2,0.0,37.0,112.0,0.03
171313,"Yogurt, Greek, nonfat, raspberry, CHOBANI",Dairy and Egg Products,SR Legacy,337.0,7.65,12.0,0.22,0.5,0.0,30.0,98.0,0.03
171296,"Yogurt, Greek, nonfat, vanilla, CHOBANI",Dairy and Egg Products,SR Legacy,295.0,9.07,8.09,0.22,0.3,0.0,36.0,106.0,0.05
171309,"Yogurt, Greek, whole, plain, CHOBANI",Dairy and Egg Products,SR Legacy,343.0,8.24,3.24,4.01,0.8,0.0,35.0,111.0,0.03
173520,"Babyfood, snack, GERBER, GRADUATES, YOGURT MELTS",Baby Foods,SR Legacy,380.0,14.3,71.8,4.0,2.3,0.0,286.0,457.0,0.0
168105,"Frozen yogurts, flavors other than chocolate",Sweets,SR Legacy,531.0,3.0,21.6,3.6,0.0,0.0,63.0,100.0,0.46
175225,SILK Vanilla soy yogurt (family size),Legumes and Legume Products,SR Legacy,331.0,2.64,13.7,1.76,0.4,0.0,13.0,132.0,0.48
328637,"Cheese, cheddar",Dairy and Egg Products,Foundation,1710.0,23.3,2.44,34.0,0.0,0.0,654.0,707.0,0.16
169901,"Cheese, american cheddar, imitation",Dairy and Egg Products,SR Legacy,239.0,16.7,11.6,14.0,0.0,0.0,1340.0,562.0,0.33
170899,"Cheese, cheddar, sharp, sliced",Dairy and Egg Products,SR Legacy,410.0,24.2,2.13,33.8,0.0,0.0,644.0,711.0,0.16
171295,"Cheese, cheddar, nonfat or fat free",Dairy and Egg Products,SR Legacy,657.0,32.1,7.14,0.0,0.0,0.0,1000.0,893.0,0.0
173439,"Cheese, low fat, cheddar or colby",Dairy and Egg Products,SR Legacy,173.0,24.4,1.91,7.0,0.0,0.0,873.0,415.0,0.42
173440,"Cheese, low-sodium, cheddar or colby",Dairy and Egg Products,SR Legacy,1670.0,24.4,1.91,32.6,0.0,0.0,21.0,703.0,0.72
170896,"Cheese spread, American or Cheddar cheese base, reduced fat",Dairy and Egg Products,SR Legacy,738.0,13.4,10.7,8.88,0.0,0.0,1100.0,557.0,0.36
168089,"Imitation cheese, american or cheddar, low cholesterol",Dairy and Egg Products,SR Legacy,1630.0,25.0,1.0,32.0,0.0,0.0,670.0,705.0,0.7
172955,"Sausage, pork and beef, with cheddar cheese, smoked",Sausages and Luncheon Meats,SR Legacy,296.0,12.9,2.13,25.8,0.0,0.0,848.0,57.0,0.73
168121,"Cheese, pasteurized process, cheddar or American, low sodium",Dairy and Egg Products,SR Legacy,1570.0,22.2,1.6,31.2,0.0,0.0,7.0,616.0,0.39
174599,"Sausage, summer, pork and beef, sticks, with cheddar cheese",Sausages and Luncheon Meats,SR Legacy,426.0,19.4,1.82,37.9,0.2,0.0,1480.0,81.0,2.26
173414,"Cheese, cheddar (Includes foods for USDA's Food Distribution Program)",Dairy and Egg Products,SR Legacy,1680.0,22.9,3.37,33.3,0.0,0.0,653.0,710.0,0.14
173898,"Cereals, QUAKER, corn grits, instant, cheddar cheese flavor, dry",Breakfast Cereals,SR Legacy,1520.0,8.98,73.0,5.46,4.2,0.0,1640.0,418.0,30.4
167964,"Snacks, M&M MARS, COMBOS Snacks Cheddar Cheese Pretzel",Snacks,SR Legacy,463.0,9.85,66.5,16.9,3.6,0.0,1120.0,197.0,0.92
171292,"Cheese, cheddar, reduced fat (Includes foods for USDA's Food Distribution Program)",Dairy and Egg Products,SR Legacy,316.0,27.4,2.67,20.4,0.0,0.0,628.0,761.0,0.12
172108,"LEAN POCKETS, Ham N Cheddar","Meals, Entrees, and Side Dishes",SR Legacy,962.0,10.3,32.5,6.53,1.7,0.0,423.0,196.0,2.15
169081,"Cheese spread, cream cheese base",Dairy and Egg Products,SR Legacy,1230.0,7.1,3.5,28.6,0.0,0.0,436.0,71.0,1.13
167944,"Bread, cheese",Baked Products,SR Legacy,408.0,10.4,44.8,20.8,2.1,0.0,750.0,90.0,2.49
172175,"Cheese, blue",Dairy and Egg Products,SR Legacy,1480.0,21.4,2.34,28.7,0.0,0.0,1150.0,528.0,0.31
172176,"Cheese, brick",Dairy and Egg Products,SR Legacy,371.0,23.2,2.79,29.7,0.0,0.0,560.0,674.0,0.43
172177,"Cheese, brie",Dairy and Egg Products,SR Legacy,1400.0,20.8,0.45,27.7,0.0,0.0,629.0,184.0,0.5
172178,"Cheese, camembert",Dairy and Egg Products,SR Legacy,300.0,19.8,0.46,24.3,0.0,0.0,842.0,388.0,0.33
173413,"Cheese, caraway",Dairy and Egg Products,SR Legacy,376.0,25.2,3.06,29.2,0.0,0.0,690.0,673.0,0.64
173415,"Cheese, cheshire",Dairy and Egg Products,SR Legacy,387.0,23.4,4.78,30.6,0.0,0.0,700.0,643.0,0.21
173416,"Cheese, colby",Dairy and Egg Products,SR Legacy,1650.0,23.8,2.57,32.1,0.0,0.0,604.0,685.0,0.76
173418,"Cheese, cream",Dairy and Egg Products,SR Legacy,350.0,6.15,5.52,34.4,0.0,0.0,314.0,97.0,0.11
173419,"Cheese, edam",Dairy and Egg Products,SR Legacy,357.0,25.0,1.43,28.6,0.0,0.0,973.0,731.0,0.44
173420,"Cheese, feta",Dairy and Egg Products,SR Legacy,1110.0,14.2,3.88,21.5,0.0,0.0,1140.0,493.0,0.65
170843,"Cheese, fontina",Dairy and Egg Products,SR Legacy,389.0,25.6,1.55,31.1,0.0,0.0,800.0,550.0,0.23
171240,"Cheese, gjetost",Dairy and Egg Products,SR Legacy,466.0,9.65,42.6,29.5,0.0,0.0,600.0,400.0,0.52
171241,"Cheese, gouda",Dairy and Egg Products,SR Legacy,1490.0,24.9,2.22,27.4,0.0,0.0,819.0,700.0,0.24
171242,"Cheese, gruyere",Dairy and Egg Products,SR Legacy,413.0,29.8,0.36,32.3,0.0,0.0,714.0,1010.0,0.17
171243,"Cheese, limburger",Dairy and Egg Products,SR Legacy,1370.0,20.0,0.49,27.2,0.0,0.0,800.0,497.0,0.13
170844,"Cheese, monterey",Dairy and Egg Products,SR Legacy,373.0,24.5,0.68,30.3,0.0,0.0,600.0,746.0,0.72
171245,"Cheese, muenster",Dairy and Egg Products,SR Legacy,1540.0,23.4,1.12,30.0,0.0,0.0,628.0,717.0,0.41
171246,"Cheese, neufchatel",Dairy and Egg Products,SR Legacy,253.0,9.15,3.59,22.8,0.0,0.0,334.0,117.0,0.13
170850,"Cheese, provolone",Dairy and Egg Products,SR Legacy,1470.0,25.6,2.14,26.6,0.0,0.0,727.0,756.0,0.52
171249,"Cheese, romano",Dairy and Egg Products,SR Legacy,387.0,31.8,3.63,26.9,0.0,0.0,1430.0,1060.0,0.77
171250,"Cheese, roquefort",Dairy and Egg Products,SR Legacy,369.0,21.5,2.0,30.6,0.0,0.0,1810.0,662.0,0.56
746767,"Cheese, swiss",Dairy and Egg Products,Foundation,1640.0,27.0,1.44,31.0,0.0,0.0,185.0,890.0,0.13
171251,"Cheese, swiss",Dairy and Egg Products,SR Legacy,1640.0,27.0,1.44,31.0,0.0,0.0,187.0,890.0,0.13
170852,"Cheese, tilsit",Dairy and Egg Products,SR Legacy,340.0,24.4,1.88,26.0,0.0,0.0,753.0,700.0,0.23
174989,"Croissants, cheese",Baked Products,SR Legacy,414.0,9.2,47.0,20.9,2.6,0.0,361.0,53.0,2.15
167925,"Crackers, cheese, sandwich-type with cheese filling",Baked Products,SR Legacy,490.0,8.92,58.8,24.4,1.9,0.0,878.0,89.0,2.13
168005,"Pepperidge Farm, Goldfish, Baked Snack Crackers, Cheddar",Baked Products,SR Legacy,457.0,11.7,66.2,16.1,0.0,0.0,874.0,114.0,4.26
169770,"Macaroni and cheese, box mix with cheese sauce, prepared","Meals, Entrees, and Side Dishes",SR Legacy,686.0,6.68,23.1,4.99,1.2,0.0,460.0,85.0,1.17
169769,"Macaroni and cheese, box mix with cheese sauce, unprepared","Meals, Entrees, and Side Dishes",SR Legacy,334.0,12.7,46.7,10.7,1.8,0.0,766.0,145.0,2.07
174789,"Snacks, FRITOLAY, SUNCHIPS, Multigrain Snack, Harvest Cheddar flavor",Snacks,SR Legacy,2060.0,8.08,64.7,22.2,8.1,0.0,705.0,41.0,1.41
172699,"Cake, coffeecake, cheese",Baked Products,SR Legacy,339.0,7.0,44.3,15.2,1.0,0.0,339.0,59.0,0.64
170864,"Yogurt, Greek, 2% fat, apricot, CHOBANI",Dairy and Egg Products,SR Legacy,388.0,7.22,12.2,1.71,0.6,0.0,40.0,87.0,0.03
170909,"Yogurt, Greek, 2% fat, pineapple, CHOBANI",Dairy and Egg Products,SR Legacy,392.0,7.05,12.3,1.82,0.7,0.0,33.0,92.0,0.03
171310,"Yogurt, Greek, nonfat, lemon blend, CHOBANI",Dairy and Egg Products,SR Legacy,78.0,8.62,10.7,0.15,0.5,0.0,44.0,96.0,0.03
171298,"Yogurt, Greek, nonfat, vanilla, DANNON OIKOS",Dairy and Egg Products,SR Legacy,354.0,8.12,12.7,0.14,0.5,0.0,32.0,89.0,0.04
171260,"Yogurt, Greek, 2%fat, coconut blend, CHOBANI",Dairy and Egg Products,SR Legacy,92.0,8.11,11.0,1.71,0.5,0.0,33.0,93.0,0.03
170916,"Yogurt, Greek, nonfat, Fruit on Bottom, Blackberry, CHOBANI",Dairy and Egg Products,SR Legacy,398.0,7.54,15.4,0.37,0.4,0.0,0.0,94.0,0.0
170913,"Yogurt, Greek, nonfat, Fruit on Bottom, Pomegranate, CHOBANI",Dairy and Egg Products,SR Legacy,80.0,7.45,12.1,0.18,0.8,0.0,31.0,93.0,0.15
173434,"Yogurt, Greek, 2% fat, key lime blend, CHOBANI",Dairy and Egg Products,SR Legacy,92.0,7.75,11.9,1.47,0.5,0.0,40.0,92.0,0.03
170891,"Yogurt, Greek, 2% fat,mixed berry blend, CHOBANI",Dairy and Egg Products,SR Legacy,93.0,8.26,10.9,1.83,0.6,0.0,41.0,94.0,0.03
170894,"Yogurt, Greek, plain, nonfat (Includes foods for USDA's Food Distribution Program)",Dairy and Egg Products,SR Legacy,59.0,10.2,3.6,0.39,0.0,0.0,36.0,110.0,0.07
171578,"SMART SOUP, Greek Minestrone","Soups, Sauces, and Gravies",SR Legacy,40.0,1.7,8.4,0.53,2.7,0.0,138.0,21.0,1.0
167737,"Oil, corn, peanut, and olive",Fats and Oils,SR Legacy,884.0,0.0,0.0,100.0,0.0,0.0,0.0,0.0,0.13
171413,"Oil, olive, salad or cooking",Fats and Oils,SR Legacy,3700.0,0.0,0.0,100.0,0.0,0.0,2.0,1.0,0.56
171443,"Mayonnaise, reduced fat, with olive oil",Fats and Oils,SR Legacy,1510.0,0.37,0.0,40.0,0.0,0.0,800.0,0.0,0.0
172336,"Oil, canola",Fats and Oils,SR Legacy,884.0,0.0,0.0,100.0,0.0,0.0,0.0,0.0,0.0
171031,"Oil, almond",Fats and Oils,SR Legacy,3700.0,0.0,0.0,100.0,0.0,0.0,0.0,0.0,0.0
173573,"Oil, avocado",Fats and Oils,SR Legacy,884.0,0.0,0.0,100.0,0.0,0.0,0.0,0.0,0.0
171428,"Oil, babassu",Fats and Oils,SR Legacy,3700.0,0.0,0.0,100.0,0.0,0.0,0.0,0.0,0.0
171412,"Oil, coconut",Fats and Oils,SR Legacy,892.0,0.0,0.0,99.1,0.0,0.0,0.0,1.0,0.05
330458,"Oil, coconut",Fats and Oils,Foundation,833.0,0.0,0.84,99.1,0.0,0.0,0.0,1.0,0.05
171028,"Oil, grapeseed",Fats and Oils,SR Legacy,3700.0,0.0,0.0,100.0,0.0,0.0,0.0,0.0,0.0
171427,"Oil, hazelnut",Fats and Oils,SR Legacy,3700.0,0.0,0.0,100.0,0.0,0.0,0.0,0.0,0.0
172337,"Oil, mustard",Fats and Oils,SR Legacy,884.0,0.0,0.0,100.0,0.0,0.0,0.0,0.0,0.0
171015,"Oil, palm",Fats and Oils,SR Legacy,3700.0,0.0,0.0,100.0,0.0,0.0,0.0,0.0,0.01
171423,"Oil, poppyseed",Fats and Oils,SR Legacy,3700.0,0.0,0.0,100.0,0.0,0.0,0.0,0.0,0.0
171429,"Oil, sheanut",Fats and Oils,SR Legacy,3700.0,0.0,0.0,100.0,0.0,0.0,0.0,0.0,0.0
171425,"Oil, teaseed",Fats and Oils,SR Legacy,3700.0,0.0,0.0,100.0,0.0,0.0,0.0,0.0,0.0
171424,"Oil, tomatoseed",Fats and Oils,SR Legacy,3700.0,0.0,0.0,100.0,0.0,0.0,0.0,0.0,0.0
171030,"Oil, walnut",Fats and Oils,SR Legacy,3700.0,0.0,0.0,100.0,0.0,0.0,0.0,0.0,0.0
172926,"Olive loaf, pork",Sausages and Luncheon Meats,SR Legacy,983.0,11.8,9.2,16.5,0.0,0.0,964.0,109.0,0.54
173412,"Butter oil, anhydrous",Dairy and Egg Products,SR Legacy,3660.0,0.28,0.0,99.5,0.0,0.0,2.0,4.0,0.0
172340,"Fish oil, herring",Fats and Oils,SR Legacy,902.0,0.0,0.0,100.0,0.0,0.0,0.0,0.0,0.0
172341,"Fish oil, menhaden",Fats and Oils,SR Legacy,902.0,0.0,0.0,100.0,0.0,0.0,0.0,0.0,0.0
173578,"Fish oil, sardine",Fats and Oils,SR Legacy,902.0,0.0,0.0,100.0,0.0,0.0,0.0,0.0,0.0
171032,"Oil, apricot kernel",Fats and Oils,SR Legacy,3700.0,0.0,0.0,100.0,0.0,0.0,0.0,0.0,0.0
171421,"Oil, cocoa butter",Fats and Oils,SR Legacy,3700.0,0.0,0.0,100.0,0.0,0.0,0.0,0.0,0.0
169867,"Oil, corn and canola",Fats and Oils,SR Legacy,884.0,0.0,0.0,100.0,0.0,0.0,0.0,0.0,0.0
173563,"Oil, cupu assu",Fats and Oils,SR Legacy,3700.0,0.0,0.0,100.0,0.0,0.0,0.0,0.0,0.0
172335,"Oil, nutmeg butter",Fats and Oils,SR Legacy,3700.0,0.0,0.0,100.0,0.0,0.0,0.0,0.0,0.0
171426,"Oil, soybean lecithin",Fats and Oils,SR Legacy,3190.0,0.0,0.0,100.0,0.0,0.0,0.0,0.0,0.0
173570,"Oil, ucuhuba butter",Fats and Oils,SR Legacy,3700.0,0.0,0.0,100.0,0.0,0.0,0.0,0.0,0.0
171014,"Oil, wheat germ",Fats and Oils,SR Legacy,3700.0,0.0,0.0,100.0,0.0,0.0,0.0,0.0,0.0
172360,"Oil, industrial, canola (partially hydrogenated) oil for deep fat frying",Fats and Oils,SR Legacy,884.0,0.0,0.0,100.0,0.0,0.0,0.0,0.0,0.0
169851,"OLIVE GARDEN, lasagna classico",Restaurant Foods,SR Legacy,184.0,11.3,10.3,10.8,1.6,0.0,450.0,211.0,0.75
173577,"Fish oil, cod liver",Fats and Oils,SR Legacy,902.0,0.0,0.0,100.0,0.0,0.0,0.0,0.0,0.0
171024,"Oil, cottonseed, salad or cooking",Fats and Oils,SR Legacy,3700.0,0.0,0.0,100.0,0.0,0.0,0.0,0.0,0.0
167702,"Oil, flaxseed, cold pressed",Fats and Oils,SR Legacy,884.0,0.11,0.0,100.0,0.0,0.0,0.0,1.0,0.0
171410,"Oil, peanut, salad or cooking",Fats and Oils,SR Legacy,884.0,0.0,0.0,100.0,0.0,0.0,0.0,0.0,0.03
171016,"Oil, sesame, salad or cooking",Fats and Oils,SR Legacy,3700.0,0.0,0.0,100.0,0.0,0.0,0.0,0.0,0.0
170567,"Nuts, almonds",Nut and Seed Products,SR Legacy,579.0,21.2,21.6,49.9,12.5,0.0,1.0,269.0,3.71
169060,"Candies, nougat, with almonds",Sweets,SR Legacy,1660.0,3.33,92.4,1.67,3.3,0.0,33.0,32.0,0.59
170160,"Nuts, almond paste",Nut and Seed Products,SR Legacy,1920.0,9.0,47.8,27.7,4.8,0.0,9.0,172.0,1.6
170568,"Nuts, almonds, blanched",Nut and Seed Products,SR Legacy,590.0,21.4,18.7,52.5,9.9,0.0,19.0,236.0,3.28
170656,"Candies, sugar-coated almonds",Sweets,SR Legacy,465.0,10.0,68.3,17.9,2.5,0.0,13.0,100.0,1.9
167562,"Candies, ALMOND JOY Candy Bar",Sweets,SR Legacy,2000.0,4.13,59.5,26.9,5.0,0.0,142.0,64.0,1.27
167979,"Candies, HERSHEY'S GOLDEN ALMOND SOLITAIRES",Sweets,SR Legacy,569.0,12.0,46.8,37.1,4.4,0.0,52.0,203.0,2.5
169627,"Candies, HERSHEY'S, ALMOND JOY BITES",Sweets,SR Legacy,563.0,5.58,57.5,34.5,4.3,0.0,39.0,109.0,1.33
168592,"Nuts, almonds, honey roasted, unblanched",Nut and Seed Products,SR Legacy,594.0,18.2,27.9,49.9,13.7,0.0,130.0,263.0,2.83
169673,"Snacks, crisped rice bar, almond",Snacks,SR Legacy,458.0,7.0,64.6,20.4,3.6,0.0,234.0,74.0,6.35
167543,"Snacks, granola bars, hard, almond",Snacks,SR Legacy,495.0,7.7,62.0,25.5,4.8,0.0,256.0,32.0,2.5
174820,"Beverages, almond milk, chocolate, ready-to-drink",Beverages,SR Legacy,50.0,0.63,9.38,1.25,0.4,0.0,71.0,188.0,0.53
174832,"Beverages, almond milk, unsweetened, shelf stable",Beverages,SR Legacy,15.0,0.4,1.31,0.96,0.2,0.0,72.0,184.0,0.28
169622,"Candies, HERSHEY'S MILK CHOCOLATE WITH ALMOND BITES",Sweets,SR Legacy,2380.0,9.76,51.7,35.7,3.6,0.0,74.0,0.0,1.5
169579,"Candies, HERSHEY'S POT OF GOLD Almond Bar",Sweets,SR Legacy,577.0,12.8,44.9,38.5,3.8,0.0,64.0,192.0,1.85
168603,"Nuts, almond butter, plain, with salt added",Nut and Seed Products,SR Legacy,2570.0,21.0,18.8,55.5,10.3,0.0,227.0,347.0,3.49
168596,"Nuts, almonds, dry roasted, with salt added",Nut and Seed Products,SR Legacy,2500.0,21.0,21.0,52.5,10.9,0.0,234.0,268.0,3.73
323294,"Nuts, almonds, dry roasted, with salt added",Nut and Seed Products,Foundation,2590.0,20.4,16.2,57.8,11.0,0.0,256.0,273.0,3.17
168602,"Nuts, almonds, oil roasted, lightly salted",Nut and Seed Products,SR Legacy,607.0,21.2,17.7,55.2,10.5,0.0,143.0,291.0,3.68
169419,"Nuts, almonds, oil roasted, with salt added",Nut and Seed Products,SR Legacy,607.0,21.2,17.7,55.2,10.5,0.0,339.0,291.0,3.68
167994,"Candies, MARS SNACKFOOD US, MARS Almond Bar",Sweets,SR Legacy,1950.0,8.1,62.7,23.0,2.0,0.0,170.0,168.0,1.1
168818,"Candies, MARS SNACKFOOD US, SNICKERS Almond bar",Sweets,SR Legacy,1970.0,5.4,64.7,22.4,2.6,0.0,156.0,132.0,0.85
167947,"Candies, TOBLERONE, milk chocolate with honey and almond nougat",Sweets,SR Legacy,2040.0,5.71,61.2,28.6,2.5,0.0,54.0,126.0,1.6
168588,"Nuts, almond butter, plain, without salt added",Nut and Seed Products,SR Legacy,2570.0,21.0,18.8,55.5,10.3,0.0,7.0,347.0,3.49
170158,"Nuts, almonds, dry roasted, without salt added",Nut and Seed Products,SR Legacy,2500.0,21.0,21.0,52.5,10.9,0.0,3.0,268.0,3.73
170159,"Nuts, almonds, oil roasted, without salt added",Nut and Seed Products,SR Legacy,2540.0,21.2,17.7,55.2,10.5,0.0,1.0,291.0,3.68
173148,"Snacks, granola bars, soft, almond, confectioners coating",Snacks,SR Legacy,455.0,8.6,60.1,20.0,4.3,0.0,486.0,136.0,1.49
168751,"Beverages, almond milk, sweetened, vanilla flavor, ready-to-drink",Beverages,SR Legacy,38.0,0.42,6.59,1.04,0.4,0.0,63.0,188.0,0.3
170670,"Candies, MARS SNACKFOOD US, COCOAVIA Chocolate Covered Almonds",Sweets,SR Legacy,573.0,9.51,50.2,37.1,10.4,0.0,9.0,840.0,3.56
173924,"Cereals, QUAKER, oatmeal, REAL MEDLEYS, peach almond, dry",Breakfast Cereals,SR Legacy,1620.0,10.1,68.6,9.84,7.4,0.0,201.0,105.0,2.8
169420,"Nuts, almonds, oil roasted, with salt added, smoke flavor",Nut and Seed Products,SR Legacy,2540.0,21.4,17.9,55.9,10.7,0.0,548.0,286.0,3.86
169652,"Candies, MARS SNACKFOOD US, COCOAVIA Blueberry and Almond Chocolate Bar",Sweets,SR Legacy,525.0,6.35,60.4,28.7,9.1,0.0,8.0,985.0,3.18
168108,"Candies, MARS SNACKFOOD US, M&M's Almond Chocolate Candies",Sweets,SR Legacy,522.0,7.53,60.5,27.8,5.6,0.0,45.0,155.0,1.73
173005,"Cereals ready-to-eat, POST GREAT GRAINS Cranberry Almond Crunch",Breakfast Cereals,SR Legacy,1610.0,8.9,76.6,5.9,11.1,0.0,214.0,40.0,3.8
174658,"Cereals ready-to-eat, QUAKER, Natural Granola Apple Cranberry Almond",Breakfast Cereals,SR Legacy,1750.0,9.21,74.7,11.1,9.9,0.0,47.0,98.0,2.47
173256,"Continental Mills, Krusteaz Almond Poppyseed Muffin Mix, Artificially Flavored, dry",Baked Products,SR Legacy,1750.0,5.6,75.6,10.3,1.7,0.0,590.0,82.0,2.47
174782,"Formulated bar, MARS SNACKFOOD US, COCOAVIA, Chocolate Almond Snack Bar",Snacks,SR Legacy,347.0,7.72,51.7,14.2,5.2,0.0,260.0,1210.0,2.21
173187,"Beverages, chocolate almond milk, unsweetened, shelf-stable, fortified with vitamin D2 and E",Beverages,SR Legacy,90.0,0.83,1.25,1.46,0.4,0.0,75.0,188.0,0.45
169688,"Snacks, KELLOGG, KELLOGG'S Low Fat Granola Bar, Crunchy Almond/Brown Sugar",Snacks,SR Legacy,1630.0,8.0,78.0,7.4,6.2,0.0,291.0,35.0,8.6
170187,"Nuts, walnuts, english",Nut and Seed Products,SR Legacy,2740.0,15.2,13.7,65.2,6.7,0.0,2.0,98.0,2.91
170593,"Nuts, walnuts, glazed",Nut and Seed Products,SR Legacy,500.0,8.28,47.6,35.7,3.6,0.0,446.0,71.0,1.29
170594,"Nuts, walnuts, dry roasted, with salt added",Nut and Seed Products,SR Legacy,2690.0,14.3,17.9,60.7,7.1,0.0,643.0,71.0,2.57
171684,"Cereals, QUAKER, oatmeal, REAL MEDLEYS, apple walnut, dry",Breakfast Cereals,SR Legacy,1630.0,8.18,70.5,10.4,7.0,0.0,356.0,57.0,2.77
171706,"Avocados, raw, California",Fruits and Fruit Juices,SR Legacy,697.0,1.96,8.64,15.4,6.8,0.0,8.0,13.0,0.61
171707,"Avocados, raw, Florida",Fruits and Fruit Juices,SR Legacy,120.0,2.23,7.82,10.1,5.6,0.0,2.0,10.0,0.17
171705,"Avocados, raw, all commercial varieties",Fruits and Fruit Juices,SR Legacy,160.0,2.0,8.53,14.7,6.7,0.0,7.0,12.0,0.55
169869,"Peanut butter, reduced sodium",Legumes and Legume Products,SR Legacy,590.0,24.0,21.8,49.9,6.6,0.0,203.0,41.0,1.9
167570,"Candies, confectioner's coating, peanut butter",Sweets,SR Legacy,2210.0,18.3,46.9,29.8,5.0,0.0,250.0,110.0,1.7
167546,"Candies, honey-combed, with peanut butter",Sweets,SR Legacy,473.0,8.72,67.4,20.2,1.9,0.0,174.0,21.0,0.71
168763,"Candies, REESE'S Peanut Butter Cups",Sweets,SR Legacy,2150.0,10.2,55.4,30.5,3.6,0.0,357.0,78.0,1.21
174965,"Cookies, peanut butter sandwich, regular",Baked Products,SR Legacy,478.0,8.8,65.6,21.1,1.9,0.0,368.0,53.0,2.6
172729,"Cookies, peanut butter, refrigerated dough",Baked Products,SR Legacy,458.0,8.2,52.1,25.0,1.1,0.0,397.0,101.0,1.7
172471,"Peanut butter with omega-3, creamy",Legumes and Legume Products,SR Legacy,608.0,24.5,17.0,54.2,6.1,0.0,356.0,45.0,1.67
174265,"Peanut butter, chunk style, with salt",Legumes and Legume Products,SR Legacy,2460.0,24.1,21.6,49.9,8.0,0.0,486.0,45.0,1.9
172458,"Peanut butter, smooth, reduced fat",Legumes and Legume Products,SR Legacy,2170.0,25.9,35.6,34.0,5.2,0.0,540.0,35.0,1.9
174070,"Sauce, peanut, made from peanut butter, water, soy sauce","Soups, Sauces, and Gravies",SR Legacy,1080.0,6.31,22.0,16.0,1.8,0.0,1340.0,22.0,0.91
173252,"Archway Home Style Cookies, Peanut Butter",Baked Products,SR Legacy,480.0,9.0,58.5,24.3,2.8,0.0,404.0,35.0,2.72
170275,"Candies, crispy bar with peanut butter filling",Sweets,SR Legacy,2270.0,9.53,55.5,31.3,3.3,0.0,264.0,70.0,1.3
171836,"Cookie, with peanut butter filling, chocolate-coated",Baked Products,SR Legacy,562.0,8.1,52.9,35.3,3.5,0.0,371.0,35.0,2.1
174969,"Cookies, peanut butter sandwich, special dietary",Baked Products,SR Legacy,535.0,10.0,50.8,34.0,0.0,0.0,412.0,43.0,2.55
172727,"Cookies, peanut butter, commercially prepared, regular",Baked Products,SR Legacy,473.0,8.92,58.2,23.8,2.1,0.0,463.0,41.0,2.11
174964,"Cookies, peanut butter, prepared from recipe",Baked Products,SR Legacy,475.0,9.0,58.9,23.8,0.0,0.0,518.0,39.0,2.23
172730,"Cookies, peanut butter, refrigerated dough, baked",Baked Products,SR Legacy,503.0,9.1,57.3,27.5,1.2,0.0,436.0,111.0,1.87
172748,"Crackers, wheat, sandwich, with peanut butter filling",Baked Products,SR Legacy,495.0,13.5,53.8,26.7,4.4,0.0,807.0,170.0,2.67
172469,"Peanut butter, chunk style, without salt",Legumes and Legume Products,SR Legacy,2460.0,24.1,21.6,49.9,8.0,0.0,17.0,45.0,1.9
172460,"Peanut butter, chunky, vitamin and mineral fortified",Legumes and Legume Products,SR Legacy,593.0,26.1,17.7,51.5,5.7,0.0,366.0,45.0,17.5
172470,"Peanut butter, smooth style, without salt",Legumes and Legume Products,SR Legacy,598.0,22.2,22.3,51.4,5.0,0.0,17.0,49.0,1.74
172459,"Peanut butter, smooth, vitamin and mineral fortified",Legumes and Legume Products,SR Legacy,2470.0,25.7,18.8,50.8,5.6,0.0,420.0,43.0,16.6
169681,"Snacks, granola bars, hard, peanut butter",Snacks,SR Legacy,483.0,9.8,62.3,23.8,2.9,0.0,283.0,41.0,2.4
167578,"Candies, fudge, peanut butter, prepared-from-recipe",Sweets,SR Legacy,387.0,3.78,77.8,6.59,0.7,0.0,118.0,42.0,0.22
172728,"Cookies, peanut butter, commercially prepared, soft-type",Baked Products,SR Legacy,457.0,5.3,57.7,24.4,1.7,0.0,336.0,12.0,0.89
171843,"Cookies, peanut butter, commercially prepared, sugar free",Baked Products,SR Legacy,2190.0,10.3,50.5,31.0,3.4,0.0,448.0,0.0,2.48
174976,"Crackers, cheese, sandwich-type with peanut butter filling",Baked Products,SR Legacy,496.0,12.4,56.7,25.1,3.4,0.0,829.0,50.0,2.72
167955,"Snacks, granola bars, soft, uncoated, peanut butter",Snacks,SR Legacy,426.0,10.5,64.4,15.8,4.3,0.0,409.0,91.0,2.13
171848,"Crackers, sandwich-type, peanut butter filled, reduced fat",Baked Products,SR Legacy,1830.0,8.33,63.5,16.7,2.8,0.0,639.0,0.0,3.0
174984,"Crackers, standard snack-type, sandwich, with peanut butter filling",Baked Products,SR Legacy,494.0,11.5,58.4,24.5,2.3,0.0,801.0,81.0,2.77
171855,"Crackers, whole grain, sandwich-type, with peanut butter filling",Baked Products,SR Legacy,465.0,14.1,54.6,21.2,9.4,0.0,635.0,33.0,3.07
168095,"Granola bar, soft, milk chocolate coated, peanut butter",Snacks,SR Legacy,536.0,9.6,54.1,31.2,3.8,0.0,193.0,108.0,1.45
169628,"Candies, HERSHEY, REESESTICKS crispy wafers, peanut butter, milk chocolate",Sweets,SR Legacy,521.0,9.53,55.4,31.3,3.3,0.0,264.0,70.0,1.3
168769,"Candies, MARS SNACKFOOD US, TWIX Peanut Butter Cookie Bars",Sweets,SR Legacy,547.0,9.18,54.1,32.7,3.1,0.0,226.0,75.0,1.32
171644,"Cereals ready-to-eat, QUAKER, CAP'N CRUNCH'S PEANUT BUTTER CRUNCH",Breakfast Cereals,SR Legacy,1740.0,7.1,78.6,9.23,2.7,0.0,742.0,9.0,18.4
172985,"Cereals ready-to-eat, QUAKER, MOTHER'S PEANUT BUTTER BUMPERS Cereal",Breakfast Cereals,SR Legacy,407.0,7.62,79.7,7.33,2.5,0.0,774.0,23.0,1.97
174294,"Peanut Butter, smooth (Includes foods for USDA's Food Distribution Program)",Legumes and Legume Products,SR Legacy,2460.0,21.9,24.0,49.5,5.7,0.0,476.0,54.0,2.16
167548,"Snacks, granola bars, soft, uncoated, peanut butter and chocolate chip",Snacks,SR Legacy,432.0,9.8,62.2,20.0,4.2,0.0,328.0,80.0,1.94
167689,"Candies, MARS SNACKFOOD US, M&M's Peanut Butter Chocolate Candies",Sweets,SR Legacy,2210.0,10.2,56.9,29.3,4.0,0.0,213.0,88.0,1.06
169630,"Candies, REESE'S, FAST BREAK, milk chocolate peanut butter and soft nougats",Sweets,SR Legacy,474.0,8.66,61.6,23.4,2.9,0.0,330.0,61.0,0.96
167547,"Snacks, granola bars, soft, coated, milk chocolate coating, peanut butter",Snacks,SR Legacy,508.0,10.2,53.4,31.1,2.8,0.0,193.0,108.0,1.45
173133,"Snacks, M&M MARS, KUDOS Whole Grain Bars, peanut butter",Snacks,SR Legacy,1940.0,5.88,64.7,20.8,2.6,0.0,268.0,871.0,0.89
171314,"Butter, Clarified butter (ghee)",Dairy and Egg Products,SR Legacy,900.0,0.0,0.0,100.0,0.0,0.0,0.0,0.0,0.0
173257,"Mckee Baking, Little Debbie Nutty Bars, Wafers with Peanut Butter, Chocolate Covered",Baked Products,SR Legacy,548.0,8.0,55.2,32.8,0.0,0.0,223.0,0.0,0.0
174266,"Peanut butter, smooth style, with salt (Includes foods for USDA's Food Distribution Program)",Legumes and Legume Products,SR Legacy,598.0,22.2,22.3,51.4,5.0,0.0,426.0,49.0,1.74
170669,"Candies, REESE's Fast Break, milk chocolate, peanut butter, soft nougats, candy bar",Sweets,SR Legacy,495.0,8.93,63.9,23.2,3.6,0.0,321.0,36.0,0.64
LOCAL_001,كسكسي مطبوخ,حبوب,local,112.0,3.8,23.2,0.2,1.4,0.1,5.0,8.0,0.4
LOCAL_002,بسبوسة,حلويات,local,396.0,6.8,64.5,12.9,1.2,22.0,180.0,30.0,1.1
LOCAL_003,ملوخية مطبوخة,خضروات,local,35.0,2.1,5.8,0.4,2.2,0.5,20.0,200.0,3.1
LOCAL_004,فتة بالدجاج,أطباق رئيسية,local,245.0,14.2,28.5,7.8,1.1,1.0,420.0,55.0,1.8
LOCAL_005,شوربة عدس,شوربات,local,87.0,5.5,14.8,0.8,3.8,1.2,380.0,22.0,2.2
LOCAL_006,خبز عربي (بيتا),خبز,local,275.0,9.1,55.7,1.2,2.3,0.5,536.0,86.0,2.7
LOCAL_007,فول مدمس,بقوليات,local,110.0,7.6,17.2,0.5,5.4,1.5,240.0,61.0,2.6
LOCAL_008,لبن رائب,ألبان,local,61.0,3.5,4.7,3.3,0.0,4.7,46.0,121.0,0.1
LOCAL_009,دجاج مشوي (صدر),لحوم,local,165.0,31.0,0.0,3.6,0.0,0.0,74.0,15.0,1.0
LOCAL_010,سمك بلطي مشوي,أسماك,local,128.0,26.2,0.0,2.7,0.0,0.0,56.0,10.0,0.6
LOCAL_011,تمر (ميدجول),فواكه,local,277.0,1.8,74.9,0.2,6.7,66.0,1.0,64.0,0.9
LOCAL_012,أرز أبيض مطبوخ,حبوب,local,130.0,2.7,28.2,0.3,0.4,0.0,1.0,10.0,0.2
LOCAL_013,زيت زيتون,زيوت,local,884.0,0.0,0.0,100.0,0.0,0.0,2.0,1.0,0.6
LOCAL_014,بيض مسلوق,بيض,local,155.0,12.6,1.1,10.6,0.0,1.1,124.0,50.0,1.2
LOCAL_015,حليب كامل الدسم,ألبان,local,61.0,3.2,4.8,3.3,0.0,5.1,43.0,113.0,0.0
LOCAL_016,طماطم طازجة,خضروات,local,18.0,0.9,3.9,0.2,1.2,2.6,5.0,10.0,0.3
LOCAL_017,موز,فواكه,local,89.0,1.1,22.8,0.3,2.6,12.0,1.0,5.0,0.3
LOCAL_018,جبنة بيضاء,ألبان,local,265.0,17.6,3.1,20.1,0.0,0.5,790.0,493.0,0.5
LOCAL_019,عدس مطبوخ,بقوليات,local,116.0,9.0,20.1,0.4,7.9,1.8,2.0,19.0,3.3
LOCAL_020,خيار,خضروات,local,15.0,0.7,3.6,0.1,0.5,1.7,2.0,16.0,0.3
LOCAL_021,حمص بالطحينة,بقوليات,local,166.0,7.9,14.3,9.6,6.0,0.3,379.0,49.0,1.7
LOCAL_022,تبولة,سلطات,local,120.0,2.5,15.0,6.5,3.2,1.1,150.0,30.0,1.5
LOCAL_023,فتوش,سلطات,local,95.0,1.8,9.2,6.0,2.8,3.0,140.0,25.0,0.9
LOCAL_024,كبة مقلية,أطباق رئيسية,local,310.0,15.0,22.0,18.0,1.5,0.5,310.0,20.0,2.0
LOCAL_025,مسخن دجاج,أطباق رئيسية,local,260.0,18.0,24.0,10.5,2.0,1.0,340.0,40.0,1.9
LOCAL_026,مجدرة,أطباق رئيسية,local,150.0,5.8,25.0,3.2,4.5,1.0,200.0,25.0,1.8
LOCAL_027,شاورما دجاج,أطباق رئيسية,local,220.0,20.0,12.0,10.0,1.0,1.5,480.0,30.0,1.4
LOCAL_028,لبنة,ألبان,local,140.0,5.5,4.0,11.5,0.0,3.5,200.0,150.0,0.2
LOCAL_029,زعتر بزيت,توابل,local,320.0,6.0,20.0,25.0,8.0,0.5,400.0,200.0,4.0
LOCAL_030,مناقيش زعتر,خبز,local,290.0,7.5,40.0,11.0,4.0,1.0,450.0,90.0,2.5
LOCAL_031,رمان,فواكه,local,83.0,1.7,18.7,1.2,4.0,13.7,3.0,10.0,0.3
LOCAL_032,تين طازج,فواكه,local,74.0,0.8,19.2,0.3,2.9,16.3,1.0,35.0,0.4
LOCAL_033,مشمش مجفف,فواكه,local,241.0,3.4,62.6,0.5,7.3,53.4,10.0,55.0,2.7
LOCAL_034,لوز,مكسرات,local,579.0,21.2,21.6,49.9,12.5,4.4,1.0,269.0,3.7
LOCAL_035,جوز,مكسرات,local,654.0,15.2,13.7,65.2,6.7,2.6,2.0,98.0,2.9
LOCAL_036,طحينة,زيوت,local,595.0,17.0,21.2,53.8,9.3,0.5,115.0,426.0,9.0
LOCAL_037,متبل باذنجان,سلطات,local,95.0,1.9,8.0,6.5,3.5,2.0,180.0,20.0,0.7
LOCAL_038,بطاطا مشوية,خضروات,local,93.0,2.0,21.0,0.1,2.2,1.0,10.0,15.0,0.8
LOCAL_039,قرنبيط مطبوخ,خضروات,local,23.0,1.8,4.1,0.3,2.0,1.9,15.0,16.0,0.4
LOCAL_040,سبانخ مطبوخة,خضروات,local,23.0,2.9,3.8,0.3,2.2,0.4,70.0,99.0,3.6
